"80000","20001","20019","10000","NULL","NULL","Which major French river runs through the heart of Paris?","Seine","Rhine","Thames","Nile","2014-03-15 23:35:03","NULL","1"
"80001","20001","20004","10000","NULL","NULL","What is the Capital city of France?","Paris","Madrid","Berlin","London","2014-03-15 23:35:34","NULL","1"
"80002","20013","20020","10000","NULL","NULL","Who was Queen Victoria married to?","Prince Albert","Prince George","King Henry VII","John Balliol","2014-03-15 23:35:52","NULL","1"
"80003","20015","20005","10000","NULL","NULL","Harry Potter was the creation of which British author?","J K Rowling","Roald Dahl","Julia Donaldson","J R R Tolkien","2014-03-15 23:35:52","NULL","1"
"80004","20008","20016","10000","NULL","NULL","What genre of Music was Luciano Pavarotti most famous for?","Opera","Drum and Bass","Punk","Country","2014-03-15 23:35:52","NULL","1"
"80005","20001","20004","10001","NULL","NULL","What is the Capital city of New Zealand?","Wellington","Christchurch","Auckland","Adelaide","2014-03-15 23:35:52","NULL","1"
"80006","20001","20009","10001","NULL","NULL","What two colours are in the Greek flag?","Blue and White","Red and Black","Red and White","Red and Blue","2014-03-15 23:35:52","NULL","1"
"80007","20015","20005","10001","NULL","NULL","Which character, created by Hugh Lofting, talked to the Animals?","Dr Doolittle","St Christopher","St Francis of Assisi","Babe the talking pig","2014-03-15 23:35:52","NULL","1"
"80008","20010","20011","10001","NULL","NULL","The Islamic and Jewish faiths outlaw the eating of which farm yard animal?","Pig","Horse","Cow","Duck","2014-03-15 23:35:52","NULL","1"
"80009","20022","20011","10001","NULL","NULL","What is the name of the multi discipline sporting event that occurs every 4 years that is based on the ancient Greeks festival of games?","The Olympics","The Super Bowl","FA Cup Final","Football World Cup","2014-03-15 23:35:52","NULL","1"
"80010","20010","20011","10002","NULL","NULL","Which edible bean produces the most flatulence?","Soya","Baked beans","Runner beans","Kidney beans","2014-03-15 23:35:52","NULL","1"
"80011","20001","20009","10002","NULL","NULL","What colour is the cross on the Finnish flag?","Blue","White","Red","Green","2014-03-15 23:35:52","NULL","1"
"80012","20008","20023","10002","NULL","NULL","How old has the ageless Bart Simpson been ever since his TV show began?","10","8","12","9","2014-03-15 23:35:52","NULL","1"
"80013","20001","20018","10002","NULL","NULL","Which country boasts most of the Kalahari desert?","Botswana","South Africa","Zimbabwe","Sudan","2014-03-15 23:35:52","NULL","1"
"80014","20008","20011","10002","NULL","NULL","Which comic actor once coughed up the information: I never smoked a cigarette until I was nine?","W C Fields","Stephen Fry","Hugh Laurie","Spike Milligan","2014-03-15 23:35:52","NULL","1"
"80015","20021","20003","10003","NULL","NULL","What is the more common name for dead keratinised cells which appear in the epidermis of mammals?","Hair","Dandruff","Freckles","Sun tan","2014-03-15 23:35:52","NULL","1"
"80016","20022","20017","10003","NULL","NULL","Who won his fourth consecutive Olympic long jump gold in 1996?","Carl Lewis","Jesse Owens","Mike Powell","Jonathan Edwards","2014-03-15 23:35:52","NULL","1"
"80017","20013","20002","10003","NULL","NULL","Which US President gave a plastic bust of himself as a Christmas gift to Paul Paul VI?","Lyndon B Johnson","Richard Nixon","Jimmy Carter","Ronald Regan","2014-03-15 23:35:52","NULL","1"
"80018","20015","20006","10003","NULL","NULL","From whom did Shakespeare steal the phrase: Love is blind?","Geoffrey Chaucer","Charles Dickens","Jonathan Swift","He did not steal the phrase","2014-03-15 23:35:52","NULL","1"
"80019","20022","20011","10003","NULL","NULL","Which nation held the world team archery title throughout the 1970s?","USA","Germany","Great Britain","France","2014-03-15 23:35:52","NULL","1"
"80020","20021","20014","10004","NULL","NULL","How many chromosome pairs are there in the Human genome?","23","46","27","14","2014-03-15 23:35:52","NULL","1"
"80021","20001","20004","10004","NULL","NULL","What is the Capital City of Illinois?","Springfield","Chicago","Rockford","Houston","2014-03-15 23:35:52","NULL","1"
"80022","20013","20006","10004","NULL","NULL","Who was the principle enemy to Athens in the Peloponnesian War?","Sparta","Macedonia","The French","The Romans","2014-03-15 23:35:52","NULL","1"
"80044","20015","20011","10004","NULL","NULL","Which author, sometimes known as Q ,was the inspiration for Ratty in Wind in the Willows?","Sir Arthur Quiller Couch","Laurence Olivier","Sir Alec Guinness","Richard Burton","2014-03-15 23:37:14","NULL","1"
"80045","20015","20007","10004","NULL","NULL","What was the name of the 2002 Man Booker prize winning Book by Yann Martel?","Life if Pi","The English Patient","The Cat in the Hat","The Line of Beauty","2014-03-15 23:37:14","NULL","1"
"80046","20015","NULL","10000","NULL","NULL","New York City comprises how many boroughs?","5","6","7","12","2014-05-01 11:29:55","NULL","NULL"
"80047","20008","NULL","10000","NULL","NULL","What genre of Music was Luciano Pavarotti most famous for?","Opera","Drum and Bass","Punk","Country","2014-05-01 11:30:26","NULL","NULL"
"80048","20008","NULL","10000","NULL","NULL","What genre of Music was Luciano Pavarotti most famous for?","Opera","Drum and Bass","Punk","Country","2014-05-01 11:31:44","NULL","NULL"
"80050","20008","NULL","10000","NULL","NULL","What genre of Music was Luciano Pavarotti most famous for?","Opera","Drum and Bass","Punk","Country","2014-05-01 11:34:36","NULL","NULL"
"80051","20008","NULL","10000","NULL","NULL","The core rules of the Muslim faith are known as the (how many) Pillars of Islam?","5","7","9","23","2014-05-01 11:34:36","NULL","NULL"
"80052","20008","NULL","10000","NULL","NULL","What genre of Music was Luciano Pavarotti most famous for?","Opera","Drum and Bass","Punk","Country","2014-05-01 11:34:57","NULL","NULL"
"80053","20008","NULL","10000","NULL","NULL","The core rules of the Muslim faith are known as the (how many) Pillars of Islam?","5","7","9","23","2014-05-01 11:34:57","NULL","NULL"
"80077","20008","NULL","10000","NULL","NULL","What is the more usual name for Roentgen Rays?","X Rays","Gamma Rays","Ultraviolet Rays","Magnetic Resonance","2014-05-01 12:13:30","NULL","NULL"
"80078","20010","NULL","10000","NULL","NULL","The Islamic and Jewish faiths outlaw the eating of which farm yard animal?","Pig","Horse","Cow","Duck","2014-05-01 12:13:30","NULL","NULL"
"80079","20001","NULL","10000","NULL","NULL","Which major French river runs through the heart of Paris?","Seine","Rhine","Thames","Nile","2014-05-01 12:13:30","NULL","NULL"
"80080","20001","NULL","10000","NULL","NULL","What is the Capital city of Italy?","Rome","Dublin","Washington DC","ballet  ","2014-05-01 12:13:30","NULL","NULL"
"80081","20001","NULL","10000","NULL","NULL","What is the Capital city of the Republic city of Ireland?","Dublin","Washington DC","ballet  ","Top left","2014-05-01 12:13:30","NULL","NULL"
"80082","20001","NULL","10000","NULL","NULL","What is the Capital city of the USA?","Washington DC","New York","San Francisco","Boston","2014-05-01 12:13:30","NULL","NULL"
"80083","20001","NULL","10000","NULL","NULL","Anna Pavlowa excelled in which of the following?","ballet","chess","painting","tennis","2014-05-01 12:13:30","NULL","NULL"
"80084","20001","NULL","10000","NULL","NULL","The British Naval Ensign features a Union Jack in which corner?","Top left","Top right","Bottom left","Bottom right","2014-05-01 12:13:30","NULL","NULL"
"80085","20013","NULL","10000","NULL","NULL","Who was Queen Victoria married to?","Prince Albert","Prince George","King Henry VII","John Balliol","2014-05-01 12:13:30","NULL","NULL"
"80086","20013","NULL","10000","NULL","NULL","How many pieces are on the board at the start of a game of chess?","32","28","36","40","2014-05-01 12:13:30","NULL","NULL"
"80087","20013","NULL","10000","NULL","NULL","What is the atomic number of oxygen?","8","1","35","86","2014-05-01 12:13:30","NULL","NULL"
"80088","20013","NULL","10000","NULL","NULL","Festfolk was the original name for which group?","ABBA","The Beach Boys","Motorhead","Simon and Garfunkel","2014-05-01 12:13:30","NULL","NULL"
"80089","20015","NULL","10000","NULL","NULL","Harry Potter was the creation of which British author?","JK Rowling","Roald Dahl","Julia Donaldson","JRR Tolkien","2014-05-01 12:13:30","NULL","NULL"
"80090","20015","NULL","10000","NULL","NULL","Harry Potter was the creation of which British author?","JK Rowling","Roald Dahl","Julia Donaldson","JRR Tolkien","2014-05-01 12:13:30","NULL","NULL"
"80091","20021","NULL","10000","NULL","NULL","The Eiffel Tower is located where in Paris?","Champ de Mars","Bois de Boulogne","Jardin des Plantes","Parc de Belleville","2014-05-01 12:13:30","NULL","NULL"
"80092","20021","NULL","10000","NULL","NULL","What medical specialty studies the anatomy and physiology of the heart?","Cardiology","Corpus Daius","Neurology","Corpus Christi","2014-05-01 12:13:30","NULL","NULL"
"80093","20021","NULL","10000","NULL","NULL","How many legs (including arms or pincers according to certain definitions) does a crab have?","10","8","6","12","2014-05-01 12:13:30","NULL","NULL"
"80094","20021","NULL","10000","NULL","NULL","In which book is there an inn called Admiral Benbow?","Treasure Island","Gulliver?s Travels","Lord of the Rings","Peter Pan","2014-05-01 12:13:30","NULL","NULL"
"80095","20021","NULL","10000","NULL","NULL","What was the number of the last Apollo mission?","17","14","13","22","2014-05-01 12:13:30","NULL","NULL"
"80096","20022","NULL","10000","NULL","NULL","What is the name of the multi discipline sporting event that occurs every 4 years that is based on the ancient Greeks festival of games?","The Olympics","The Super Bowl","FA Cup Final","Football World Cup","2014-05-01 12:13:30","NULL","NULL"
"80097","20022","NULL","10000","NULL","NULL","What is the International Air Transport Association airport code for Heathrow Airport?","LHR","HTR","HRW","LHW","2014-05-01 12:13:30","NULL","NULL"
"80098","20022","NULL","10000","NULL","NULL","Which actor appeared in the Cranberries music video Ridiculous Thought?","Elijah Wood","Donald Sutherland","George Clooney","Bruce Willis","2014-05-01 12:13:30","NULL","NULL"
"80099","20015","NULL","10001","NULL","NULL","What is known as the ""Golden Number""?","1.618","3.142","7","33?","2014-05-01 12:13:30","NULL","NULL"
"80100","20008","NULL","10001","NULL","NULL","What is the only number known to be both the sum and product of its factors?","4","6","8","9","2014-05-01 12:13:30","NULL","NULL"
"80101","20008","NULL","10001","NULL","NULL","Fredrick Sanger invented which life saver?","Insulin","Safety Pin","Inflatable Life Raft","Aspirin","2014-05-01 12:13:30","NULL","NULL"
"80102","20010","NULL","10001","NULL","NULL","The Islamic and Jewish faiths outlaw the eating of which farm yard animal?","Pig","Horse","Cow","Duck","2014-05-01 12:13:30","NULL","NULL"
"80103","20010","NULL","10001","NULL","NULL","What is the main spirit base of a classic Bloody Mary?","Vodka","Whiskey","Brandy","Tequila","2014-05-01 12:13:30","NULL","NULL"
"80104","20001","NULL","10001","NULL","NULL","What is the Capital city of Spain?","Madrid","Lisbon","Athens","Berlin","2014-05-01 12:13:30","NULL","NULL"
"80105","20001","NULL","10001","NULL","NULL","What is the Capital city of Portugal?","Lisbon","Athens","Berlin","Vienna","2014-05-01 12:13:30","NULL","NULL"
"80106","20001","NULL","10001","NULL","NULL","What is the Capital city of Greece?","Athens","Berlin","Vienna","Moscow","2014-05-01 12:13:30","NULL","NULL"
"80107","20001","NULL","10001","NULL","NULL","What is the Capital city of Germany?","Berlin","Vienna","Moscow","Copenhagen","2014-05-01 12:13:30","NULL","NULL"
"80108","20001","NULL","10001","NULL","NULL","What is the Capital city of Austria?","Vienna","Moscow","Copenhagen","Oslo","2014-05-01 12:13:30","NULL","NULL"
"80109","20001","NULL","10001","NULL","NULL","What is the Capital city of Russia?","Moscow","Copenhagen","Oslo","Reykjavik","2014-05-01 12:13:30","NULL","NULL"
"80110","20001","NULL","10001","NULL","NULL","What is the Capital city of Denmark?","Copenhagen","Oslo","Reykjavik","Bern","2014-05-01 12:13:30","NULL","NULL"
"80111","20001","NULL","10001","NULL","NULL","What is the Capital city of Norway?","Oslo","Reykjavik","Bern","Mexico City","2014-05-01 12:13:30","NULL","NULL"
"80112","20001","NULL","10001","NULL","NULL","What is the Capital city of Iceland?","Reykjavik","Bern","Mexico City","Canbera","2014-05-01 12:13:30","NULL","NULL"
"80113","20001","NULL","10001","NULL","NULL","What is the Capital city of Switzerland?","Bern","Mexico City","Zurich","Geneva","2014-05-01 12:13:30","NULL","NULL"
"80114","20001","NULL","10001","NULL","NULL","What is the Capital city of Mexico?","Mexico City","Cancun","Acapulco","Guadalajara","2014-05-01 12:13:30","NULL","NULL"
"80115","20001","NULL","10001","NULL","NULL","What is the Capital city of Australia?","Canbera","Sydney","Melbourne","Brisbane","2014-05-01 12:13:30","NULL","NULL"
"80116","20001","NULL","10001","NULL","NULL","What is the Capital city of New Zealand?","Wellington","Christchurch","Auckland","Adelaide","2014-05-01 12:13:30","NULL","NULL"
"80117","20001","NULL","10001","NULL","NULL","What two colours is the Greek flag?","Blue and White","Red and Black","Red and White","Red and Blue","2014-05-01 12:13:30","NULL","NULL"
"80118","20001","NULL","10001","NULL","NULL","Which three letters replaced CQD?","SOS","KGB","TNT","FYI","2014-05-01 12:13:30","NULL","NULL"
"80119","20001","NULL","10001","NULL","NULL","Who plays Lara Croft in the Tomb Raider series of films?","Angelina Jolie","Minnie Driver","Nell McAndrew","Jennifer Aniston","2014-05-01 12:13:30","NULL","NULL"
"80120","20013","NULL","10001","NULL","NULL","Who was Queen Victoria married to?","Prince Albert","Prince George","King Henry VII","John Balliol","2014-05-01 12:13:30","NULL","NULL"
"80121","20013","NULL","10001","NULL","NULL","How many Horsemen of the Apocalypse feature in the Bibles Book of Revelation?","4","3","5","10000","2014-05-01 12:13:30","NULL","NULL"
"80122","20013","NULL","10001","NULL","NULL","Where did The Flowerpot Men want to go in 1967?","San Francisco","New York","Woodstock","Memphis","2014-05-01 12:13:30","NULL","NULL"
"80123","20013","NULL","10001","NULL","NULL","The title of which Pink Floyd album is also a chapter in ""The Wind In The Willows""?","The piper at the gates of dawn","Wish you were here","Meddle","Animals","2014-05-01 12:13:30","NULL","NULL"
"80124","20015","NULL","10001","NULL","NULL","Which of Hugh Loftings characters talked to the Animals?","Dr Doolittle","St Christopher","St Francis of Assisi","Babe the talking pig","2014-05-01 12:13:30","NULL","NULL"
"80125","20021","NULL","10001","NULL","NULL","Which castle was the childhood home of Elizabeth Bowes-Lyon, the late Queen Mother?","Glamis Castle","Craigievar Castle","Invergarry Castle","Loch Leven Castle","2014-05-01 12:13:30","NULL","NULL"
"80126","20021","NULL","10001","NULL","NULL","How many feet are in a furlong?","660","550","440","770","2014-05-01 12:13:30","NULL","NULL"
"80127","20021","NULL","10001","NULL","NULL","What does a nidoligist study?","Bird Nests","Clouds","Waves","Caves","2014-05-01 12:13:30","NULL","NULL"
"80128","20021","NULL","10001","NULL","NULL","Which Apollo mission landed the first humans on the Moon?","Apollo 11","Apollo 9","Apollo 7","Apollo 13","2014-05-01 12:13:30","NULL","NULL"
"80129","20022","NULL","10001","NULL","NULL","What is the name of the multi discipline sporting event that occurs every 4 years that is based on the ancient Greeks festival of games?","The Olympics","The Super Bowl","FA Cup Final","Football World Cup","2014-05-01 12:13:30","NULL","NULL"
"80130","20022","NULL","10001","NULL","NULL","What percentage of people can roll their tongue into a tube?","65%","2%","14%","25%","2014-05-01 12:13:30","NULL","NULL"
"80131","20022","NULL","10001","NULL","NULL","Hypermetropic people are what?","far sighted","underfed","moody","obese","2014-05-01 12:13:30","NULL","NULL"
"80132","20015","NULL","10002","NULL","NULL","According to the singer Katie Melua, how many million bicycles are there in Beijing?","5","9","10","25","2014-05-01 12:13:30","NULL","NULL"
"80133","20008","NULL","10002","NULL","NULL","What famous piece of classical music is acclaimed to have been wirtten by King Henry the VIII?","Greensleaves","Brandenburg Concerto","Air on a G String","Land of Hope and Glory","2014-05-01 12:13:30","NULL","NULL"
"80134","20008","NULL","10002","NULL","NULL","What were the Stradivarius family famous for?","Violin & Cello makers","A Travelling Minstrels band","Court composers to the King of Italy","The development of Baroque music","2014-05-01 12:13:30","NULL","NULL"
"80135","20008","NULL","10002","NULL","NULL","What was foun under the patio of 10 Brookside Close?","Trevor Jordaches Body","Roman artifacts","First edition Beano comic","Shergar","2014-05-01 12:13:30","NULL","NULL"
"80136","20008","NULL","10002","NULL","NULL","Which comic actor once coughed up teh information: "" I never smoked a cigaratte until I was nine""?","W C Fields","Stephen Fry","Hugh Laurie","Spike Milligan","2014-05-01 12:13:30","NULL","NULL"
"80137","20008","NULL","10002","NULL","NULL","How old has the ageless Bart Simpson been ever since his TV show began?","10","8","12","9","2014-05-01 12:13:30","NULL","NULL"
"80138","20008","NULL","10002","NULL","NULL","Who wrote ""dont count your chickens before they are hatched""?","Aesop","Shakespeare","Ben  Franklin","Chaucer","2014-05-01 12:13:30","NULL","NULL"
"80139","20008","NULL","10002","NULL","NULL","Herodotus is known as the father of what?","History","Medicine","Theatre","Music","2014-05-01 12:13:30","NULL","NULL"
"80140","20010","NULL","10002","NULL","NULL","What is the main spirit base of a classic Bloody Mary?","Vodka","Whiskey","Brandy","Tequila","2014-05-01 12:13:30","NULL","NULL"
"80141","20010","NULL","10002","NULL","NULL","Angostura bitters is produced from what?","Tree bark","Watermelon","Orange peel","The stamens of a crocus","2014-05-01 12:13:30","NULL","NULL"
"80142","20010","NULL","10002","NULL","NULL","Which edible bean produces the most flatulence?","Soya","Baked beans","Runner beans","Kidney beans","2014-05-01 12:13:30","NULL","NULL"
"80143","20001","NULL","10002","NULL","NULL","What is the Capital city of Azerbaijan","Baku","Tel Aviv","Tashkent","Sofia","2014-05-01 12:13:30","NULL","NULL"
"80144","20001","NULL","10002","NULL","NULL","Which major French river runs through the heart of Paris?","Seine","Rhine","Thames","Nile","2014-05-01 12:13:30","NULL","NULL"
"80145","20001","NULL","10002","NULL","NULL","What is the Capital city of Turkey?","Ankara","Budapest","Ljubljana","Zagreb","2014-05-01 12:13:30","NULL","NULL"
"80146","20001","NULL","10002","NULL","NULL","What is the Capital city of Hungary?","Budapest","Ljubljana","Zagreb","Belgrade","2014-05-01 12:13:30","NULL","NULL"
"80147","20001","NULL","10002","NULL","NULL","What is the Capital city of Slovenia?","Ljubljana","Zagreb","Belgrade","Sarajevo","2014-05-01 12:13:30","NULL","NULL"
"80148","20001","NULL","10002","NULL","NULL","What is the Capital city of Croatia?","Zagreb","Belgrade","Sarajevo","Prague","2014-05-01 12:13:30","NULL","NULL"
"80149","20001","NULL","10002","NULL","NULL","What is the Capital city of Serbia?","Belgrade","Sarajevo","Prague","Warsaw","2014-05-01 12:13:30","NULL","NULL"
"80150","20001","NULL","10002","NULL","NULL","What is the Capital city of Bosnia & Herzegovinian?","Sarajevo","Prague","Warsaw","Tallinn","2014-05-01 12:13:30","NULL","NULL"
"80151","20001","NULL","10002","NULL","NULL","What is the Capital city of the Czech Republic?","Prague","Warsaw","Tallinn","Brussels","2014-05-01 12:13:30","NULL","NULL"
"80152","20001","NULL","10002","NULL","NULL","What is the Capital city of Poland?","Warsaw","Tallinn","Brussels","The Hague","2014-05-01 12:13:30","NULL","NULL"
"80153","20001","NULL","10002","NULL","NULL","What is the Capital city of Estonia?","Tallinn","Brussels","The Hague","Luxemburg City","2014-05-01 12:13:30","NULL","NULL"
"80154","20001","NULL","10002","NULL","NULL","What is the Capital city of Belgium?","Brussels","The Hague","Luxemburg City","Ottawa","2014-05-01 12:13:30","NULL","NULL"
"80155","20001","NULL","10002","NULL","NULL","What is the Capital city of the Netherlands?","The Hague","Luxemburg City","Ottawa","Brasila","2014-05-01 12:13:30","NULL","NULL"
"80156","20001","NULL","10002","NULL","NULL","What is the Capital city of Luxemburg?","Luxemburg City","Ottawa","Brasila","Buenos Aires","2014-05-01 12:13:30","NULL","NULL"
"80157","20001","NULL","10002","NULL","NULL","What is the Capital city of Canada?","Ottawa","Montreal","Calgary","Toronto","2014-05-01 12:13:30","NULL","NULL"
"80158","20001","NULL","10002","NULL","NULL","What is the Capital city of Brasil?","Brasila","Rio de Janeiro","Sao Paulo","Bueno Aires","2014-05-01 12:13:30","NULL","NULL"
"80159","20001","NULL","10002","NULL","NULL","What is the Capital city of Argentina?","Buenos Aires","Rio de Janeiro","Cordoba","Montevideo","2014-05-01 12:13:30","NULL","NULL"
"80160","20001","NULL","10002","NULL","NULL","What is the Captial city of Venezula?","Caracas","Cordoba","Lima","Quito","2014-05-01 12:13:30","NULL","NULL"
"80161","20001","NULL","10002","NULL","NULL","What is the Captial city of Peru?","Lima","Cordoba","Caracas","Quito","2014-05-01 12:13:30","NULL","NULL"
"80162","20001","NULL","10002","NULL","NULL","What is the Captial city of Colombia?","Bogotta","La Paz","Santiago","Caracas","2014-05-01 12:13:30","NULL","NULL"
"80163","20001","NULL","10002","NULL","NULL","Which country boasts most of the Kalahari desert?","Botswana","South Africa","Zimbabwe","Sudan","2014-05-01 12:13:30","NULL","NULL"
"80164","20001","NULL","10002","NULL","NULL","What colour is the cross on the Finnish flag?","Blue","White","Red","Green","2014-05-01 12:13:30","NULL","NULL"
"80165","20001","NULL","10002","NULL","NULL","Who starred in the 1959 epic film ""Ben-Hur""?","Charlton Heston","Clark Gable","Errol Flynn","Lee Marvin","2014-05-01 12:13:30","NULL","NULL"
"80166","20001","NULL","10002","NULL","NULL","Which of these senses deteriorates first with age?","Smell","Sight","Hearing","Taste","2014-05-01 12:13:30","NULL","NULL"
"80167","20013","NULL","10002","NULL","NULL","Who was the American President at the start of the Vietnam war?","John F Kennedy","Eisenhower","Richard Nixon","Ronald Regan","2014-05-01 12:13:30","NULL","NULL"
"80168","20013","NULL","10002","NULL","NULL","Who was the American President at the start of the Vietnam war?","John F Kennedy","Eisenhower","Richard Nixon","Ronald Regan","2014-05-01 12:13:30","NULL","NULL"
"80169","20013","NULL","10002","NULL","NULL","What did the 1936 Public Health Act say must be free for men that women could be charged to use?","Urinals","Contraceptives","Public Baths","Medical care","2014-05-01 12:13:30","NULL","NULL"
"80170","20013","NULL","10002","NULL","NULL","How many players are (on the field) in a mens lacrosse team (one team not both teams)?","10","7","11","13","2014-05-01 12:13:30","NULL","NULL"
"80171","20013","NULL","10002","NULL","NULL","In which film do the words ""I love you"" save the planet earth?","The 5th Element","The Day After Tomorrow","Mars Attacks","Independence Day","2014-05-01 12:13:30","NULL","NULL"
"80172","20013","NULL","10002","NULL","NULL","Countries from which continent boycotted the 1976 summer Olympics in Montreal?","Africa","Europe","Asia","South America","2014-05-01 12:13:30","NULL","NULL"
"80173","20015","NULL","10002","NULL","NULL","Old Curiosity Shop was writen by which author?","Charles Dickens","Mark Twain","Frederick Forsyth","Oscar Wilde","2014-05-01 12:13:30","NULL","NULL"
"80174","20015","NULL","10002","NULL","NULL","Old Curiosity Shop was written by which author?","Charles Dickens","Mark Twain","Frederick Forsyth","Oscar Wilde","2014-05-01 12:13:30","NULL","NULL"
"80175","20021","NULL","10002","NULL","NULL","What is the most abundant chemical element in the earths atmosphere?","Hydrogen","Nitrogen","Oxygen","Carbon","2014-05-01 12:13:30","NULL","NULL"
"80176","20021","NULL","10002","NULL","NULL","What medical specialty studies the anatomy and physiology of the heart?","Cardiology","Corpus Dais","Neurology","Corpus Christi","2014-05-01 12:13:30","NULL","NULL"
"80177","20021","NULL","10002","NULL","NULL","What is the most abundant chemical element in the earths atmosphere?","Hydrogen","Nitrogen","Oxygen","Carbon","2014-05-01 12:13:30","NULL","NULL"
"80178","20021","NULL","10002","NULL","NULL","What causes dimples?","Genetics","A forceps birth","Sex in the third trimester","In-vitro spasms","2014-05-01 12:13:30","NULL","NULL"
"80179","20021","NULL","10002","NULL","NULL","In which year were Concorde planes retired from service?","2003","2000","1998","2006","2014-05-01 12:13:30","NULL","NULL"
"80180","20021","NULL","10002","NULL","NULL","Which NHL hockey team has won the most Stanley Cups?","Montreal Canadiens","Boston Bruins","Toronto Maple Leafs","New York Rangers","2014-05-01 12:13:30","NULL","NULL"
"80181","20022","NULL","10002","NULL","NULL","In Cricket, what does LBW stand for?","Leg Before Wicket","Long Boundary Way","Lose Both Wickets","Loose Bad and Wide","2014-05-01 12:13:30","NULL","NULL"
"80182","20022","NULL","10002","NULL","NULL","The smallest waist measured on a living woman is:","38cm","35cm","32cm","42cm","2014-05-01 12:13:30","NULL","NULL"
"80183","20022","NULL","10002","NULL","NULL","Anemophobia is the fear of what?","Wind","The Dark","Fire","Spiders","2014-05-01 12:13:30","NULL","NULL"
"80184","20015","NULL","10003","NULL","NULL","Twain is an old English word for which number?","2","3","12","20","2014-05-01 12:13:30","NULL","NULL"
"80185","20008","NULL","10003","NULL","NULL","What famous piece of classical music is acclaimed to have been written by King Henry the VIII?","Greensleaves","Brandenburg Concerto","Air on a G String","Land of Hope and Glory","2014-05-01 12:13:30","NULL","NULL"
"80186","20008","NULL","10003","NULL","NULL","""Goodbye Farewell and Amen"" was the final episode of which TV series?","MASH","Dallas","Friends","The Muppet Show","2014-05-01 12:13:30","NULL","NULL"
"80187","20008","NULL","10003","NULL","NULL","Due to superstition, what didnt Bjorn Borg do at Wimbledon?","shave","wash","change his socks","brush his teeth","2014-05-01 12:13:30","NULL","NULL"
"80188","20001","NULL","10003","NULL","NULL","What is the Capital city of Azerbaijan","Baku","Tel Aviv","Tashkent","Sofia","2014-05-01 12:13:30","NULL","NULL"
"80189","20001","NULL","10003","NULL","NULL","What is the Capital city of pre-unified West Germany?","Bonn","Bratislava","Vilnius","Riga","2014-05-01 12:13:30","NULL","NULL"
"80190","20001","NULL","10003","NULL","NULL","What is the Capital city of Slovakia?","Bratislava","Vilnius","Riga","Kiev","2014-05-01 12:13:30","NULL","NULL"
"80191","20001","NULL","10003","NULL","NULL","What is the Capital city of Lithuania?","Vilnius","Riga","Kiev","Bucharest","2014-05-01 12:13:30","NULL","NULL"
"80192","20001","NULL","10003","NULL","NULL","What is the Capital city of Latvia?","Riga","Kiev","Bucharest","Sofia","2014-05-01 12:13:30","NULL","NULL"
"80193","20001","NULL","10003","NULL","NULL","What is the Capital city of Ukraine?","Kiev","Bucharest","Sofia","Helsinki","2014-05-01 12:13:30","NULL","NULL"
"80194","20001","NULL","10003","NULL","NULL","What is the Capital city of Romania?","Bucharest","Sofia","Helsinki","Stockholm","2014-05-01 12:13:30","NULL","NULL"
"80195","20001","NULL","10003","NULL","NULL","What is the Capital city of Bulgaria?","Sofia","Helsinki","Stockholm","Valetta","2014-05-01 12:13:30","NULL","NULL"
"80196","20001","NULL","10003","NULL","NULL","What is the Capital city of Finland?","Helsinki","Stockholm","Valetta","Nicosia","2014-05-01 12:13:30","NULL","NULL"
"80197","20001","NULL","10003","NULL","NULL","What is the Capital city of Sweden?","Stockholm","Valetta","Nicosia","St. Helier","2014-05-01 12:13:30","NULL","NULL"
"80198","20001","NULL","10003","NULL","NULL","What is the Capital city of Malta?","Valetta","Nicosia","St. Helier","St. Peter Port","2014-05-01 12:13:30","NULL","NULL"
"80199","20001","NULL","10003","NULL","NULL","What is the Capital city of Cyprus?","Nicosia","St. Helier","St. Peter Port","Andorra la Vella","2014-05-01 12:13:30","NULL","NULL"
"80200","20001","NULL","10003","NULL","NULL","What is the Capital of the island of Jersey?","St. Helier","St. Peter Port","Andorra la Vella","Monaco","2014-05-01 12:13:30","NULL","NULL"
"80201","20001","NULL","10003","NULL","NULL","What is the Capital of the island of Guernsey?","St. Peter Port","Andorra la Vella","Monaco","Montevideo","2014-05-01 12:13:30","NULL","NULL"
"80202","20001","NULL","10003","NULL","NULL","What is the Capital city of Andorra?","Andorra la Vella","Monaco","Montevideo","Quito","2014-05-01 12:13:30","NULL","NULL"
"80203","20001","NULL","10003","NULL","NULL","What is the Capital city of Monaco?","Monaco","Montevideo","Quito","Santiago","2014-05-01 12:13:30","NULL","NULL"
"80204","20001","NULL","10003","NULL","NULL","What is the Captial city of Uruguay?","Montevideo","Porto Alegre","Rio de Janeiro","Cordoba","2014-05-01 12:13:30","NULL","NULL"
"80205","20001","NULL","10003","NULL","NULL","What is the Captial city of Equador?","Quito","Cordoba","Lima","Santiago","2014-05-01 12:13:30","NULL","NULL"
"80206","20001","NULL","10003","NULL","NULL","What is the Captial city of Chile?","Santiago","Caracas","Lima","Quito","2014-05-01 12:13:30","NULL","NULL"
"80207","20001","NULL","10003","NULL","NULL","What is the Captial city of Paraguary?","Asuncion","Caracas","Santiago","San Juan","2014-05-01 12:13:30","NULL","NULL"
"80208","20001","NULL","10003","NULL","NULL","The reactor at the site of the Chernobyl nuclear disaster is now in which country?","Ukraine","Slovakia","Hungary","Russia","2014-05-01 12:13:30","NULL","NULL"
"80209","20001","NULL","10003","NULL","NULL","Which novel won author J.M. Coetzee the Booker Prize?","Disgrace","Discretion","Discourse","Direction","2014-05-01 12:13:30","NULL","NULL"
"80210","20013","NULL","10003","NULL","NULL","Who was the principle enemy to Athens in the Peloponnesian War?","Sparta","Macedonia","The French","The Romans","2014-05-01 12:13:30","NULL","NULL"
"80211","20013","NULL","10003","NULL","NULL","What single creature did Professor Aharoni find in Syria in 1930 that is the direct ancestor of an estimated 50 million pets?","A hamster","White mouse","Albino milk snake","A gerbil","2014-05-01 12:13:30","NULL","NULL"
"80212","20013","NULL","10003","NULL","NULL","Which US President gave a plastic bust of himself as a Christmas gift to Paul Paul VI?","Lyndon B Johnson","Richard Nixon","Jimmy Carter","Ronald Regan","2014-05-01 12:13:30","NULL","NULL"
"80213","20013","NULL","10003","NULL","NULL","What number has the square root (to the nearest four decimal places) of 1.4142?","2","1","3","4","2014-05-01 12:13:30","NULL","NULL"
"80214","20013","NULL","10003","NULL","NULL","How many earths would fit inside the sun?","circa 1,000,000","circa 100","circa 10,000","circa 100,000","2014-05-01 12:13:30","NULL","NULL"
"80215","20013","NULL","10003","NULL","NULL","What was he name of the infamous nuclear reactor in Harrisburg Penn.?","3 mile island","1 mile island","9 mile creek","16 mile creek","2014-05-01 12:13:30","NULL","NULL"
"80216","20015","NULL","10003","NULL","NULL","What was the name of Yann Martels 2002 Man Booker prize winning Book?","Life if Pi","The English Patient","Captain Corellis Mandolin","The Line of Beauty","2014-05-01 12:13:30","NULL","NULL"
"80217","20015","NULL","10003","NULL","NULL","From whom did Shakespeare steal the phrase ""Love is blind""?","Geoffrey Chaucer","Charles Dickens","Jonathan Swift","He didnt, it is his own creation","2014-05-01 12:13:30","NULL","NULL"
"80218","20021","NULL","10003","NULL","NULL","How many chromosome pairs are there in the Human genome?","23","46","27","14","2014-05-01 12:13:31","NULL","NULL"
"80219","20021","NULL","10003","NULL","NULL","What was the name of Americas first artificial satellite?","Explorer I","Friendship I","Ariel I","Gemini I","2014-05-01 12:13:31","NULL","NULL"
"80220","20021","NULL","10003","NULL","NULL","What is the more common name for dead keratinised cells which appear in the epidermis of mammals?","Hair","Dandruff","Freckles","Sun tan","2014-05-01 12:13:31","NULL","NULL"
"80221","20021","NULL","10003","NULL","NULL","What number Pennsylvania Avenue is the Whitehouse?","1600","1500","501","65000","2014-05-01 12:13:31","NULL","NULL"
"80222","20021","NULL","10003","NULL","NULL","James Bond was searching for what kind of airplane in ""Thunderball""?","Vulkan","Piper Cub","707","B-52","2014-05-01 12:13:31","NULL","NULL"
"80223","20021","NULL","10003","NULL","NULL","What is the old name for Sri Lanka?","Ceylon","Mandalay","Spice Islands","East Pakistan","2014-05-01 12:13:31","NULL","NULL"
"80224","20022","NULL","10003","NULL","NULL","Who scored the winning goal in the 1995 FA Cup final?","Paul Rideout","Eric Cantona","Duncan Ferguson","Thierry Henri","2014-05-01 12:13:31","NULL","NULL"
"80225","20022","NULL","10003","NULL","NULL","Which resident of 10 Downing Street confessed he would ""rather be at Twickenham""?","Denis Thatcher","Tony Blair","John Major","Gordon Brown","2014-05-01 12:13:31","NULL","NULL"
"80226","20022","NULL","10003","NULL","NULL","Who won his fourth consecutive Olympic long jump gold in 1996?","Carl Lewis","Jesse Owens","Mike Powell","Jonathan Edwards","2014-05-01 12:13:31","NULL","NULL"
"80227","20022","NULL","10003","NULL","NULL","Which nation held the world team archery title throughout the 1970s?","USA","Germany","Great Britain","France","2014-05-01 12:13:31","NULL","NULL"
"80228","20022","NULL","10003","NULL","NULL","The Earths Equator is approximately how many millions of metres in length?","40","20","30","10","2014-05-01 12:13:31","NULL","NULL"
"80229","20015","NULL","10004","NULL","NULL","How many rooms are on the Cluedo game board?","8","9","10","12","2014-05-01 12:13:31","NULL","NULL"
"80230","20008","NULL","10004","NULL","NULL","What were the Stradivarius family famous for?","Violin & Cello makers","A Travelling Minstrels band","Court composers to the King of Italy","The development of Baroque music","2014-05-01 12:13:31","NULL","NULL"
"80231","20008","NULL","10004","NULL","NULL","What is the name of the man servant in ""Around the world in 80 days""?","Pas Partout","Cato","Giles","Machu Picchu","2014-05-01 12:13:31","NULL","NULL"
"80232","20008","NULL","10004","NULL","NULL","Karol Wojtyla is better known under which name?","Pope John Paul II","Liberace","Carole King","Santa","2014-05-01 12:13:31","NULL","NULL"
"80233","20010","NULL","10004","NULL","NULL","Angostura bitters is produced from what?","Tree bark","Watermelon","Orange peel","The stamins of a crocus","2014-05-01 12:13:31","NULL","NULL"
"80234","20001","NULL","10004","NULL","NULL","What is the Capital City of Illinois?","Springfield","Chicago","Rockford","Houston","2014-05-01 12:13:31","NULL","NULL"
"80235","20001","NULL","10004","NULL","NULL","What is the Capital City of Illinois?","Springfield","Chicago","Rockford","Houston","2014-05-01 12:13:31","NULL","NULL"
"80236","20001","NULL","10004","NULL","NULL","What is the Capital city of Macedonia?","Skopje","Tbilisi","Podegrica","Yerevan","2014-05-01 12:13:31","NULL","NULL"
"80237","20001","NULL","10004","NULL","NULL","What is the Capital city of Georgia","Tbilisi","Podegrica","Yerevan","Minsk","2014-05-01 12:13:31","NULL","NULL"
"80238","20001","NULL","10004","NULL","NULL","What is the Capital city of Montenegro?","Podegrica","Yerevan","Minsk","Vaduz","2014-05-01 12:13:31","NULL","NULL"
"80239","20001","NULL","10004","NULL","NULL","What is the Capital city of Armenia?","Yerevan","Minsk","Vaduz","St. Anne","2014-05-01 12:13:31","NULL","NULL"
"80240","20001","NULL","10004","NULL","NULL","What is the Capital city of Belarus?","Minsk","Vaduz","St. Anne","Tirana","2014-05-01 12:13:31","NULL","NULL"
"80241","20001","NULL","10004","NULL","NULL","What is the Capital city of Liechtenstein?","Vaduz","St. Anne","Tirana","Prishtina","2014-05-01 12:13:31","NULL","NULL"
"80242","20001","NULL","10004","NULL","NULL","What is the Capital of the island of Alderney?","St. Anne","Tirana","Prishtina","Chisinau","2014-05-01 12:13:31","NULL","NULL"
"80243","20001","NULL","10004","NULL","NULL","What is the Capital city of Albania?","Tirana","Prishtina","Chisinau","La Paz","2014-05-01 12:13:31","NULL","NULL"
"80244","20001","NULL","10004","NULL","NULL","What is the Capital city of Kosovo?","Prishtina","Chisinau","Zagreb","Tblisi","2014-05-01 12:13:31","NULL","NULL"
"80245","20001","NULL","10004","NULL","NULL","What is the Capital city of Moldova?","Chisinau","Tirana","Oslo","Valetta","2014-05-01 12:13:31","NULL","NULL"
"80246","20001","NULL","10004","NULL","NULL","What is the Captial city of Bolivia?","La Paz","Bogotta","Santiago","San Juan","2014-05-01 12:13:31","NULL","NULL"
"80247","20001","NULL","10004","NULL","NULL","Which event from the 2012 Summer Olympics was held at Lords Cricket Ground?","Archery","Fencing","Handball","Shooting","2014-05-01 12:13:31","NULL","NULL"
"80248","20013","NULL","10004","NULL","NULL","Who was the principle enemy to Athens in the Peloponnesian War?","Sparta","Macedonia","The French","The Romans","2014-05-01 12:13:31","NULL","NULL"
"80249","20013","NULL","10004","NULL","NULL","In the Imperial Measurement system how many pounds are in a stone?","14","10","16","20","2014-05-01 12:13:31","NULL","NULL"
"80250","20013","NULL","10004","NULL","NULL","A ""Miller"" is a move in which sport?","Trampolining","Ice Hockey","Diving","Chess","2014-05-01 12:13:31","NULL","NULL"
"80251","20013","NULL","10004","NULL","NULL","The crown of which New York City landmark was originally built as an airship dock?  ","Empire State Building","Chrysler Building","Statue of Liberty","Trump Tower","2014-05-01 12:13:31","NULL","NULL"
"80252","20015","NULL","10004","NULL","NULL","What was the name of Yann Martels 2002 Man Booker prize winning Book?","Life if Pi","The English Patient","Captain Corellis Mandolin","The Line of Beauty","2014-05-01 12:13:31","NULL","NULL"
"80253","20015","NULL","10004","NULL","NULL","Which author, sometimes known as Q ,was the inspiration for Ratty in ""Wind in the Willows""?","Sir Arthur Quiller Couch","Laurence Olivier","Sir Alec Guinness","Richard Burton","2014-05-01 12:13:31","NULL","NULL"
"80254","20021","NULL","10004","NULL","NULL","How many chromosome pairs are there in the Human genome?","23","46","27","14","2014-05-01 12:13:31","NULL","NULL"
"80255","20021","NULL","10004","NULL","NULL","How British King Georges have there been?","6","5","4","7","2014-05-01 12:13:31","NULL","NULL"
"80256","20021","NULL","10004","NULL","NULL","Which kind of animal did Florence Nightingale often carry around in her pocket?","Owl","Puppy","Kitten","Snake","2014-05-01 12:13:31","NULL","NULL"
"80257","20021","NULL","10004","NULL","NULL","The Agony and the Ecstasy was a book and film about which man?","Michaelangelo","Jesus","Churchill","Marquis de Sade","2014-05-01 12:13:31","NULL","NULL"
"80258","20022","NULL","10004","NULL","NULL","Who scored the winning goal in the 1995 FA Cup final?","Paul Rideout","Eric Cantona","Duncan Ferguson","Thierry Henri","2014-05-01 12:13:31","NULL","NULL"
"80259","20022","NULL","10004","NULL","NULL","How many pennies were in a British pre-decimal pound?","240","200","204","120","2014-05-01 12:13:31","NULL","NULL"
,,,,,,,,,,,,,
"NULL",200013,"NULL",10000,"NULL","NULL","What happened to the Archbishop of Krakow in 1978?","He became Pope John Paul II","He was Assassinated ","He Died ","He was invited into Parliament ","SYSDATE()","NULL","NULL"
"NULL",200013,"NULL",10001,"NULL","NULL","Who was the first president of the United States whose father was also president of the United States?","John Quincy Adams","George W. Bush ","John F. Kennedy ","William Henry Harrison","SYSDATE()","NULL","NULL"
"NULL",200013,"NULL",10002,"NULL","NULL","Which two out of the 54 members of the Commonwealth of Nations have no historical connection with the UK?","Mozambique and Rwanda","Australia and New Zealand  ","Oman and Qatar","Pakistan and India ","SYSDATE()","NULL","NULL"
"NULL",200013,"NULL",10003,"NULL","NULL","Who was the first Prime Minister of the Soviet Union?","Vladimir Lenin","Boris Yeltsin","Joseph Stalin","Vyacheslav Molotov ","SYSDATE()","NULL","NULL"
"NULL",200013,"NULL",10004,"NULL","NULL","Who was Israels defence minister during the Six Day War?","Moshe Dayan","Levi Eshkol","Shimon Peres","Alexey Rykov","SYSDATE()","NULL","NULL"
"NULL",200013,"NULL",10000,"NULL","NULL","Who claimed responsibility for the kidnapping and murder of Italian prime minister Aldo Moro in 1978?","The Red Brigades","His own Party","The Italian Mafia","Francesco Tritto ","SYSDATE()","NULL","NULL"
"NULL",200013,"NULL",10001,"NULL","NULL","The ancient region of Nubia is in which two modern countries?","Egypt and Sudan","Egypt and Ethiopia ","Ethiopia and Sudan ","Libya and Egypt  ","SYSDATE()","NULL","NULL"
"NULL",200013,"NULL",10002,"NULL","NULL","How long did the 100 Years War last?","116 years","100 years ","105 years","110 years ","SYSDATE()","NULL","NULL"
"NULL",200013,"NULL",10003,"NULL","NULL","In which war did jet aircraft first fight each other?","The Korean War","Spanish Civil War","Second World War ","First World War","SYSDATE()","NULL","NULL"
"NULL",200013,"NULL",10004,"NULL","NULL","Sitting Bull belonged to which tribe?","Sioux","Mohican","Hopi People ","Creek","SYSDATE()","NULL","NULL"
"NULL",200013,"NULL",10000,"NULL","NULL","The Poem ""Defence of Fort McHenry"" written during the bombing of Baltimore is now much better known by another name.","The Star-Spangled Banner","Stuka","Hibakusha","Ode to The Full Moon","SYSDATE()","NULL","NULL"
"NULL",200013,"NULL",10001,"NULL","NULL","What was Operation Dynamo in World War II?","The evacuation at Dunkirk","First of the Arctic Convoy to Soviet Union","Brittish Anti-Shipping Operation in Norway","Occupation of Abadan ","SYSDATE()","NULL","NULL"
"NULL",200013,"NULL",10002,"NULL","NULL","What was the name of the blind Benedictine monk who allegedly invented Champagne?","Dom Perignon","Adrian Urmanov","Brendan Smyth ","Losang Samten","SYSDATE()","NULL","NULL"
"NULL",200013,"NULL",10003,"NULL","NULL","What were Little Boy and Fat Man?","The two atom bombs dropped on Japan","Films During The 2nd World War ","Two Warships ","Carrier Planes during 1st World War","SYSDATE()","NULL","NULL"
"NULL",200013,"NULL",10004,"NULL","NULL","Which battle does the French Foreign Legion celebrate every year?","Camerone","Fleurus","Genoa","Engen","SYSDATE()","NULL","NULL"
"NULL",200013,"NULL",10000,"NULL","NULL","Which town was the scene of the gunfight at the OK Corral?","Tombstone, Arizona","Springfield , Missouri ","Las Vegas , New Mexico ","Holbrook , Arizona ","SYSDATE()","NULL","NULL"
"NULL",200013,"NULL",10001,"NULL","NULL","Which was the most important battle fought by the Lincoln Brigade in the Spanish Civil War?","The Battle of Jarama","The Battle of Bilbao ","The Battle of Caspe","The Battle of Majorca ","SYSDATE()","NULL","NULL"
"NULL",200013,"NULL",10002,"NULL","NULL","Who is the only American President to have served non-consecutive terms in office?","Grover Cleveland","James Madison ","John Tyler","Gerald Ford","SYSDATE()","NULL","NULL"
"NULL",200013,"NULL",10003,"NULL","NULL","Who was the last British Prime Minister not to have a wife?","Margaret Thatcher","John Major ","Harold Wilson ","Winston Churchill ","SYSDATE()","NULL","NULL"
"NULL",200013,"NULL",10004,"NULL","NULL","In which decade does the Battle of Wounded Knee take place, Marconi invent the wireless, and the Dreyfuss Affair take place in France?","1890s","1900s","1880s","1910s","SYSDATE()","NULL","NULL"
"NULL",200013,"NULL",10000,"NULL","NULL","In which year did the Yom Kippur War take place, Ceylon changed its name to Sri Lanka, and a revolution in Chile overthrows Presidente Allende?",1973,1975,1970,1983,"SYSDATE()","NULL","NULL"
"NULL",200013,"NULL",10001,"NULL","NULL","In which year was Malcolm X assassinated, Singapore became independent from Malaya, and Sir Winston Churchill died?",1965,1960,1970,1961,"SYSDATE()","NULL","NULL"
"NULL",200013,"NULL",10002,"NULL","NULL","What did members of the Nazi SS have tattooed on their armpits?","Their blood group","Swastika ","Lightning Bolts ","The Eagle ","SYSDATE()","NULL","NULL"
"NULL",200013,"NULL",10003,"NULL","NULL","What is the meaning of the word ""Bolshevik""?","majority","altogether","separate ","least ","SYSDATE()","NULL","NULL"
"NULL",200013,"NULL",10004,"NULL","NULL","From which country did Panama declare independence in 1903?","Colombia","Peru ","Venezuela ","Bolivia ","SYSDATE()","NULL","NULL"
"NULL",200013,"NULL",10000,"NULL","NULL","Which European country had a “Carnation Revolution” on the 25th of April 1974?","Portugal","Spain ","Germany ","Holland","SYSDATE()","NULL","NULL"
"NULL",200013,"NULL",10001,"NULL","NULL","The Kings of Italy all belonged to which house?","House of Savoy","House of Glen ","House of Pain  ","House of Fraser","SYSDATE()","NULL","NULL"
"NULL",200013,"NULL",10002,"NULL","NULL","Where was the ancient Kingdom of Iberia from where the Iberians in Spain probably came from?","Modern Georgia","Portugal ","Greece","Norway","SYSDATE()","NULL","NULL"
"NULL",200013,"NULL",10003,"NULL","NULL","In the Second World War, what was the “British Free Corps”?","British and Commonwealth volunteers in the Waffen-SS","No Tax","A Battleship","The Officers in Charge ","SYSDATE()","NULL","NULL"
"NULL",200013,"NULL",10004,"NULL","NULL","What was the capital city of India until December 1911?","Calcutta","Shimla","Jahangir","Delhi","SYSDATE()","NULL","NULL"
"NULL",200013,"NULL",10000,"NULL","NULL","What was the name of the foot soldiers who moved on horseback, especially popular in the 17th and 18th centuries?","Dragoons","Cavalry ","The Watchdogs ","Armoured Knights ","SYSDATE()","NULL","NULL"
"NULL",200013,"NULL",10001,"NULL","NULL","What in 1982 were Operation Rosario and Operation Corporate?","The Falklands War","The Attack on Rio Grande","The Spanish Civil War","Battle of the Marshes ","SYSDATE()","NULL","NULL"
"NULL",200013,"NULL",10002,"NULL","NULL","Which Irish saint supposedly sailed to America in the sixth century?","Saint Brendan","Saint Adrian ","Saint Francis ","Saint Patrick ","SYSDATE()","NULL","NULL"
"NULL",200013,"NULL",10003,"NULL","NULL","Which 20th century dictator ordered that all sparrows in the land be killed?","Mao Zedong","Adolf Hitler","Mobutu Sese Seko","Joseph Stalin","SYSDATE()","NULL","NULL"
"NULL",200013,"NULL",10004,"NULL","NULL","What were the Janissaries?","Christian troops fighting for the Ottoman Empire","Catholic troops fighting the Romans","Christian troops fighting the Romans ","Catholic troops fighting the Ottoman Empire","SYSDATE()","NULL","NULL"
"NULL",200013,"NULL",10000,"NULL","NULL","Who was the first US president to be shot and survive (whilst in office)?","Ronald Reagan","James A. Garfield","William McKinley","Jimmy Carter ","SYSDATE()","NULL","NULL"
"NULL",200013,"NULL",10001,"NULL","NULL","Who was the first of Tudor Kings of England, crowned in 1485?","Henry VII","Henry VIII","Edward VI","Henry V","SYSDATE()","NULL","NULL"
"NULL",200013,"NULL",10002,"NULL","NULL","In what year was NATO founded?",1949,1950,1948,1947,"SYSDATE()","NULL","NULL"
"NULL",200013,"NULL",10003,"NULL","NULL","Who was John Kerrys running mate in the 2004 US Presidential election?","John Edwards","John McCain","Al Gore","Bob Dole","SYSDATE()","NULL","NULL"
"NULL",200013,"NULL",10004,"NULL","NULL","Who was the founder of Lotus Cars Ltd.?","Colin Chapman","Henry Ford","Ferdinand Porsche","Robert Bamford","SYSDATE()","NULL","NULL"
"NULL",200013,"NULL",10000,"NULL","NULL","What official title do ambassadors to the UK have?","Ambassador to the Court of Saint James","Official Ambassador of The UK","Ambassador to the Court of Saint John ","Ambassador to the Court that is the UK ","SYSDATE()","NULL","NULL"
"NULL",200013,"NULL",10001,"NULL","NULL","The Penny Black was the first modern postage stamp in the world but the Penny Red was the first to have what?","Perforations","Dates ","Pictures ","Size difference ","SYSDATE()","NULL","NULL"
"NULL",200013,"NULL",10002,"NULL","NULL","What was the operation to liberate Kuwait in 1991 called?","Desert Storm","Desert Shield ","Desert Fox","Desert Falcon","SYSDATE()","NULL","NULL"
"NULL",200013,"NULL",10003,"NULL","NULL","When did the Euro banknotes and coins officially become currency in Europe?","January 1st, 2002","January 1st , 2001","April 1st , 2002","April 1st, 2001","SYSDATE()","NULL","NULL"
"NULL",200013,"NULL",10004,"NULL","NULL","Before the Euro, the Irish Punt was divided into 100 what?","Pence","Cents ","Pounds ","Shillings ","SYSDATE()","NULL","NULL"
"NULL",200013,"NULL",10000,"NULL","NULL","In 1554 a Portuguese ship sighted a beautiful island in East Asia and in an imaginative mood named it ""Ilha Formosa"". What is its current name?","Taiwan","Palawan","Naha","Hainan","SYSDATE()","NULL","NULL"
"NULL",200013,"NULL",10001,"NULL","NULL","When Spaniards first arrived in the Canary Islands they found a native population, what were they called?","Guanches","Phoenicians ","Carthaginians","Maxos","SYSDATE()","NULL","NULL"
"NULL",200013,"NULL",10002,"NULL","NULL","Who banned Christmas in England from 1647 to 1660 and in Boston from 1659 to 1681?","Puritans","Atheists ","King Charles II","Archbishop Gilbert Sheldon","SYSDATE()","NULL","NULL"
"NULL",200013,"NULL",10003,"NULL","NULL","What was adopted in the United States on June 14th 1777, and is celebrated every year on that day?","The flag of the United States","Independence Day  ","Thanksgiving ","Washington Day ","SYSDATE()","NULL","NULL"
"NULL",200013,"NULL",10004,"NULL","NULL","In which war did the Battle of Hamburger Hill take place?","The Vietnam War","The Spanish Civil War","The Gulf War","World War 1","SYSDATE()","NULL","NULL"
"NULL",200013,"NULL",10000,"NULL","NULL","What was the Roman name for Ireland?","Hibernia","Gallia ","Helvetia","Iberia ","SYSDATE()","NULL","NULL"
"NULL",200013,"NULL",10001,"NULL","NULL","Which country has been ruled by the Chakri dynasty since 1782?","Thailand","Taiwan","Cambodia","Naha","SYSDATE()","NULL","NULL"
"NULL",200013,"NULL",10002,"NULL","NULL","Bulgaria achieved independence in 1908 from which country?","The Ottoman Empire","Croatia","Egypt","Kingdom of Bosnia ","SYSDATE()","NULL","NULL"
"NULL",200013,"NULL",10003,"NULL","NULL","Who was offered but declined the presidency of the State of Israel in 1952?","Albert Einstein","Marilyn Monroe","James Dean","Martin Luther King Jr","SYSDATE()","NULL","NULL"
"NULL",200013,"NULL",10004,"NULL","NULL","Who said “I speak Spanish to God, Italian to women, French to men and German to my horse”?","Emperor Charles V of Germany","Winston Churchill","Albert Einstein ","Pope John Paul II","SYSDATE()","NULL","NULL"
"NULL",200013,"NULL",10000,"NULL","NULL","Poland was the first country occupied by Nazi Germany in World War II. Which was the last?","Greece","Denmark ","France ","Yugoslavia ","SYSDATE()","NULL","NULL"
"NULL",200013,"NULL",10001,"NULL","NULL","During which battle did the charge of the Light Brigade take place?","The Battle of Balaclava","The Battle of Bilbao ","The Battle Of Bailen","The Battle of Brescia ","SYSDATE()","NULL","NULL"
"NULL",200013,"NULL",10002,"NULL","NULL","What is the modern name of ancient Mesopotamia?","Iraq","Iran ","Israel","Lebanon","SYSDATE()","NULL","NULL"
"NULL",200013,"NULL",10003,"NULL","NULL","The Nazi regime was the III Reich. Which was the first?","The Holy Roman Empire","The German Empire","The German Reich ","The Tudors ","SYSDATE()","NULL","NULL"
"NULL",200013,"NULL",10004,"NULL","NULL","Air Force One is the US Presidents plane. What is Marine One?","A helicopter","A Boat ","Sports Car","Limousine ","SYSDATE()","NULL","NULL"
"NULL",200013,"NULL",10000,"NULL","NULL","In 1579, the Netherlands achieved independence from which country?","Spain","Portugal ","Germany ","Austria","SYSDATE()","NULL","NULL"
"NULL",200013,"NULL",10001,"NULL","NULL","Only one South American country had a Monarchy. Which was it?","Brazil","Argentina ","Columbia ","Guyana","SYSDATE()","NULL","NULL"
"NULL",200013,"NULL",10002,"NULL","NULL","The American M4 tank was better known by a Generals name. What was it?","Sherman","Smith ","Conrad","Beattie ","SYSDATE()","NULL","NULL"
"NULL",200013,"NULL",10003,"NULL","NULL","The War of Jenkins Ear was waged between which two countries?","Britain and Spain","Spain and Germany","Britain and France ","Spain and France","SYSDATE()","NULL","NULL"
"NULL",200013,"NULL",10004,"NULL","NULL","What was the code name for the American landings in Morocco in 1942?","Operation Torch","Operation Light ","Operation fire","Operation Heat","SYSDATE()","NULL","NULL"
"NULL",200013,"NULL",10000,"NULL","NULL","What was the name of the cult that Charles Manson lead which killed at least seven people?","The Family","The Cousins ","The Relatives ","The Couple","SYSDATE()","NULL","NULL"
"NULL",200013,"NULL",10001,"NULL","NULL","Which agreement resulted in the splitting of Germany?","The Yalta agreement","The Schengen Agreement ","The Munich Agreement ","The Felt agreement","SYSDATE()","NULL","NULL"
"NULL",200013,"NULL",10002,"NULL","NULL","Which city became the capital of the USA in 1788?","New York","California ","Utah","Texas","SYSDATE()","NULL","NULL"
"NULL",200013,"NULL",10003,"NULL","NULL","Which two countries fought the Pastry War (La guerra de los pasteles) of 1838?","Mexico and France","Mexico and Portugal","France and Portugal ","Mexico and Spain","SYSDATE()","NULL","NULL"
"NULL",200013,"NULL",10004,"NULL","NULL","Which was the name of Hitlers Spanish division?","The Blue Division","The Green Division ","The Red Division ","The Pink Division","SYSDATE()","NULL","NULL"
"NULL",200013,"NULL",10000,"NULL","NULL","Who succeeded Charles de Gaulle as president of France?","Georges Pompidou","Rene Coty","Valery Giscard dEstaing ","Nicolas Sarkozy","SYSDATE()","NULL","NULL"
"NULL",200013,"NULL",10001,"NULL","NULL","Who was the real spy (for the Germans) in the Dreyfuss Affair?","Major Esterhazy","Kurt Jahnke","Johhny Jebsen","Jose Waldberg","SYSDATE()","NULL","NULL"
"NULL",200013,"NULL",10002,"NULL","NULL","In which decade does the Indian Mutiny take place, work on the Suez Canal commences, and Louis Napoleon becomes Emperor Napoleon III?","1850s","1840s","1830s","1860s","SYSDATE()","NULL","NULL"
"NULL",200013,"NULL",10003,"NULL","NULL","In which year does Lebanon become a republic, Hirohito becomes Emperor of Japan, and Britain is hit by a nine-day General Strike?",1926,1925,1924,1923,"SYSDATE()","NULL","NULL"
"NULL",200013,"NULL",10004,"NULL","NULL","The Roman Appian Way went from Rome to where?","Brindisi","Lecce","Naples","Bari","SYSDATE()","NULL","NULL"
"NULL",200013,"NULL",10000,"NULL","NULL","What is the ruling family of Monaco called?","Grimaldi","Gerald","Germunia","Gustaf","SYSDATE()","NULL","NULL"
"NULL",200013,"NULL",10001,"NULL","NULL","In which war in the second half of the twentieth century did the Free World Military Forces take part?","The Vietnam War","Revolutionary War","Chinese Civil War","Spanish Civil War","SYSDATE()","NULL","NULL"
"NULL",200013,"NULL",10002,"NULL","NULL","What was Papa Docs real name (president of Haiti)?","Dr Francois Duvalier","Jean Claude Duvalier ","Prosper Avril","Herald Abraham ","SYSDATE()","NULL","NULL"
"NULL",200013,"NULL",10003,"NULL","NULL","Who succeeded Paul von Hindenburg as the German head of state?","Adolf Hitler","Walter Simons ","Hans Luther","Karl Donitz","SYSDATE()","NULL","NULL"
"NULL",200013,"NULL",10004,"NULL","NULL","Christopher Columbus died on May 20, 1506 in which Spanish city?","Valladolid","Bilbao","Madrid ","Seville ","SYSDATE()","NULL","NULL"
"NULL",200013,"NULL",10000,"NULL","NULL","Complutum was the Roman name for which Spanish town?","Alcala de Henares","Aranda de Duero ","Don Benito ","Zamora","SYSDATE()","NULL","NULL"
"NULL",200013,"NULL",10001,"NULL","NULL","What did the acronym MAD, coined by then Secretary of State John Foster Dulles, referring to nuclear weapons stand for?","Mutually Assured Destruction","Mass Assured Destruction","Mutually Assembled Destruction","Mass Assembled Devastation ","SYSDATE()","NULL","NULL"
"NULL",200013,"NULL",10002,"NULL","NULL","To which city was Tsar Nicholas II and his family taken to and executed after the Russian revolution?","Yekaterinburg","Chelyabinsk","Omsk","Tolyatti","SYSDATE()","NULL","NULL"
"NULL",200013,"NULL",10003,"NULL","NULL","Who was the penultimate King of Egypt?","King Farouk I","King Ahmed Fuad","King Ahmed Fuad II","Hussein Kamel","SYSDATE()","NULL","NULL"
"NULL",200013,"NULL",10004,"NULL","NULL","What was unusual about Khaled Ibrahim Tafeesh, who was running for election (for Hamas) in 2006?","He was in an Israeli prison","First Scientist to Run ","First non-politician to run ","He was in an Indian Prison ","SYSDATE()","NULL","NULL"
"NULL",20021,"NULL",10000,"NULL","NULL","Which period came after the Triassic?","Jurassic","Cretaceous ","Permian","Ordovician ","SYSDATE()","NULL","NULL"
"NULL",20021,"NULL",10001,"NULL","NULL","What two time Nobel prize winner was a proponent of Vitamin C?","Linus Pauling","Sir James W. Black ","Joseph Brodsky","Ernst Ruska ","SYSDATE()","NULL","NULL"
"NULL",20021,"NULL",10002,"NULL","NULL","Which two planets do not have moons?","Mercury and Venus","Earth and Mars ","Mars and Mercury ","Venus and Saturn","SYSDATE()","NULL","NULL"
"NULL",20021,"NULL",10003,"NULL","NULL","What is myrrh?","A resin","A Metal","A Water Substance ","A gas","SYSDATE()","NULL","NULL"
"NULL",20021,"NULL",10004,"NULL","NULL","Where in the human body do you find aqueous humour?","Eye","Elbow ","Leg","Stomach","SYSDATE()","NULL","NULL"
"NULL",20021,"NULL",10000,"NULL","NULL","What is the common name of the animal know as “Vulpes Vulpes”?","Fox","Vulture ","Gecko ","A Bat","SYSDATE()","NULL","NULL"
"NULL",20021,"NULL",10001,"NULL","NULL","Besides humans, which are the only primates that live freely in Europe?","Barbary Macaques in Gibraltar","The Owl Monkey ","Household Dogs ","Apes","SYSDATE()","NULL","NULL"
"NULL",20021,"NULL",10002,"NULL","NULL","Parkesine and Bakelite were two early examples of what?","Synthetic plastic","Paracetamol ","Polystyrene ","ThermoMetal","SYSDATE()","NULL","NULL"
"NULL",20021,"NULL",10003,"NULL","NULL","The bark of the Cinchona, historically known as Jesuits Bark or Peruvian Bark, was the original source of which drug?","Quinine","Aspirin  ","Penicillin ","Heroin ","SYSDATE()","NULL","NULL"
"NULL",20021,"NULL",10004,"NULL","NULL","Which Admiral has a wind speed scale named after him?","Sir Francis Beaufort","Yi Sun Shin","David Glasgow Farragut ","Sir John Kelly","SYSDATE()","NULL","NULL"
"NULL",20021,"NULL",10000,"NULL","NULL","What is the name of the fruit originally called Yang Tao in Southwest China, where it originates? There is a golden variety call Hinabelle.","Kiwi or kiwifruit","Meyer Lemon ","Yuzu","Apricot ","SYSDATE()","NULL","NULL"
"NULL",20021,"NULL",10001,"NULL","NULL","What is decompression sickness commonly known as?","The bends","The Bug ","The Bag","The Bulge ","SYSDATE()","NULL","NULL"
"NULL",20021,"NULL",10002,"NULL","NULL","What does IBM stand for?","International Business Machines","International Branch Machines","Interim Business Merchandise  ","International Branch Merchandise ","SYSDATE()","NULL","NULL"
"NULL",20021,"NULL",10003,"NULL","NULL","A radioactive isotope of Americium can be found in many homes and workplaces. Where?","Smoke detectors","Fire Extinguisher  ","Kettles ","Carbon Monoxide Detector ","SYSDATE()","NULL","NULL"
"NULL",20021,"NULL",10004,"NULL","NULL","What is the SI unit of electrical current?","Ampere","Ammeter ","Immersion ","Ampacity ","SYSDATE()","NULL","NULL"
"NULL",20021,"NULL",10000,"NULL","NULL","What is the main gas (by volume) in car exhaust?","Nitrogen","Water Vapour ","Carbon Dioxide ","Carbon Monoxide ","SYSDATE()","NULL","NULL"
"NULL",20021,"NULL",10001,"NULL","NULL","Riboflavin, Niacin, and Folic Acid are examples of what?","Vitamins","Chemicals ","Acids ","Alcohol","SYSDATE()","NULL","NULL"
"NULL",20021,"NULL",10002,"NULL","NULL","What is thanatosis?","Playing dead","A Disease of the Liver ","Memory Loss","The study of Animals ","SYSDATE()","NULL","NULL"
"NULL",20021,"NULL",10003,"NULL","NULL","What sort of animal is a Rhodesian ridgeback?","A dog","A Horse ","A Wild Cat ","A Pig ","SYSDATE()","NULL","NULL"
"NULL",20021,"NULL",10004,"NULL","NULL","What sort of substances are adrenaline, cortisone, insulin, and oestrogens?","Hormones","Amphetamines ","Barbiturates ","Nerves ","SYSDATE()","NULL","NULL"
"NULL",20021,"NULL",10000,"NULL","NULL","What did Foucaults pendulum prove?","That the earth rotates","That the earth is not flat ","The Laws of Physics ","Laws Of Gravity ","SYSDATE()","NULL","NULL"
"NULL",20021,"NULL",10001,"NULL","NULL","Who wrote the book “The Double Helix: A Personal Account of the Discovery of the Structure of DNA”?","James Watson","Brian Greene ","Michio Kaku ","James Dacey","SYSDATE()","NULL","NULL"
"NULL",20021,"NULL",10002,"NULL","NULL","Which branch of physics deals with sound?","Acoustics","Medium ","Vibration","Noise ","SYSDATE()","NULL","NULL"
"NULL",20021,"NULL",10003,"NULL","NULL","In which organ would you find the pineal gland?","The brain","Liver ","The Bladder ","Skin ","SYSDATE()","NULL","NULL"
"NULL",20021,"NULL",10004,"NULL","NULL","In Australia, what is a kylie?","A boomerang or hunting stick","A Female Singer ","A Kangaroo ","Type Of Fruit ","SYSDATE()","NULL","NULL"
"NULL",20021,"NULL",10000,"NULL","NULL","How much does a cubic metre of water weigh?","One tonne","Half a Tonne ","Three Tonne ","One Metric Tonne","SYSDATE()","NULL","NULL"
"NULL",20021,"NULL",10001,"NULL","NULL","Which planet of the solar system has its 27 moons named after characters from the works of William Shakespeare and Alexander Pope?","Uranus","Jupiter ","Saturn ","Neptune ","SYSDATE()","NULL","NULL"
"NULL",20021,"NULL",10002,"NULL","NULL","What type of grazing animal is an Onager? ","The Onager","Red Kangaroo ","Brachiosaurus ","A Cow ","SYSDATE()","NULL","NULL"
"NULL",20021,"NULL",10003,"NULL","NULL","What is the name given to lines of equal underwater depth on maps?","Isobath","Parallel ","Opisometer ","Isodapane ","SYSDATE()","NULL","NULL"
"NULL",20021,"NULL",10004,"NULL","NULL","Which gas has the chemical formula CO?","Carbon monoxide","Water.","Carbon Dioxide ","Cobalt ","SYSDATE()","NULL","NULL"
"NULL",20021,"NULL",10000,"NULL","NULL","What medical condition gets its name from the Greek ""half a head""?","Migraine","Tumour ","Parkinsons ","Dementia ","SYSDATE()","NULL","NULL"
"NULL",20021,"NULL",10001,"NULL","NULL","On the moon, what colour is the sky?","Black","Blue ","White ","Red","SYSDATE()","NULL","NULL"
"NULL",20021,"NULL",10002,"NULL","NULL","The Indian-Pacific train links the two oceans. Between which two cities does it run?","Perth and Sydney","Cairns and Melbourne ","Perth and Brisbane ","Sydney and Darwin ","SYSDATE()","NULL","NULL"
"NULL",20021,"NULL",10003,"NULL","NULL","What lies above the troposphere?","The stratosphere","Space ","Atmosphere ","Mesosphere ","SYSDATE()","NULL","NULL"
"NULL",20021,"NULL",10004,"NULL","NULL","What in radio does AM stand for?","Amplitude Modulation","Audible Mic  ","Audible Modulation ","Amateur Modulation  ","SYSDATE()","NULL","NULL"
"NULL",20021,"NULL",10000,"NULL","NULL","What is the angle between the hands of a clock at 1 oclock?","30 degrees","45 degrees","90 degrees","180 degrees","SYSDATE()","NULL","NULL"
"NULL",20021,"NULL",10001,"NULL","NULL","What type of animal are Belugas?","Whales","Monkey ","Elephant","A Dog","SYSDATE()","NULL","NULL"
"NULL",20021,"NULL",10002,"NULL","NULL","Where is the hypocentre of an earthquake in relation to its epicentre?","Directly beneath it","Opposite it ","Directly Above it ","Where it Starts ","SYSDATE()","NULL","NULL"
"NULL",20021,"NULL",10003,"NULL","NULL","What shape is the DNA molecule?","A double helix","A Single Helix ","A Triple Helix ","Twin Helix","SYSDATE()","NULL","NULL"
"NULL",20021,"NULL",10004,"NULL","NULL","Evaporation is changing from a liquid to gas. What is changing from a solid to a gas called?","Sublimation","Stabilisation ","Solidification ","Condensate ","SYSDATE()","NULL","NULL"
"NULL",20021,"NULL",10000,"NULL","NULL","In photography, what does SLR stand for?","Single lens reflex","Several Lens Reflex ","Subtly Low Reflex ","Single Low Reflex ","SYSDATE()","NULL","NULL"
"NULL",20021,"NULL",10001,"NULL","NULL","Mrs. Thomas Smith of Ryde, NSW, Australia, produced a new variety of fruit in 1868. What is it called?","The Granny Smith apple","The Galia Melon ","Orangetti Spaghetti Squash","Black Galaxy Tomato ","SYSDATE()","NULL","NULL"
"NULL",20021,"NULL",10002,"NULL","NULL","Referring to internet connections, what does ADSL mean?","Asymmetric Digital Subscriber Line","Adaptable Digital Subscriber Line ","Audio Diverse Subscriber Line  ","Asymmetric Diverse Subscriber Line","SYSDATE()","NULL","NULL"
"NULL",20021,"NULL",10003,"NULL","NULL","Strange, charm, up, down, top, and bottom are types of what?","Quarks","People ","Pictures ","Planets","SYSDATE()","NULL","NULL"
"NULL",20021,"NULL",10004,"NULL","NULL","What did Einstein get the Nobel prize for?","The Photoelectric effect","Theoretical Physics ","Medical Research ","His Design of a Refrigerator ","SYSDATE()","NULL","NULL"
"NULL",20021,"NULL",10000,"NULL","NULL","What does DVD stand for?","Digital Versatile Disc","Digital Video Disc ","Data Versatile Disc ","Disc Video Data","SYSDATE()","NULL","NULL"
"NULL",20021,"NULL",10001,"NULL","NULL","What is -459.7 Fahrenheit  also know as?","Absolute zero","Above Freezing ","Room Temperature ","Minus 10","SYSDATE()","NULL","NULL"
"NULL",20021,"NULL",10002,"NULL","NULL","What is an eolic power station?","Wind powered","Water Powered ","Light Powered ","Nuclear Powered  ","SYSDATE()","NULL","NULL"
"NULL",20021,"NULL",10003,"NULL","NULL","What is panophobia or pantophobia?","Fear of everything","Fear Of Powder ","Fear Of Suffering and Disease ","Fear of Ice or Frost ","SYSDATE()","NULL","NULL"
"NULL",20021,"NULL",10004,"NULL","NULL","What is Zulu time?","Universal Coordinated Time (UTC)","Daylight Saving Time (DST)","Greenwich Mean Time (GMT)","British Summer Time (BST)","SYSDATE()","NULL","NULL"
"NULL",20021,"NULL",10000,"NULL","NULL","What was the name of the first spacecraft to land softly on the moon?","Luna 9","Surveyor 1","Luna 13","Apollo 11","SYSDATE()","NULL","NULL"
"NULL",20021,"NULL",10001,"NULL","NULL","Which computer operating system has a penguin as its logo?","Linux","Android ","BSD","QNX","SYSDATE()","NULL","NULL"
"NULL",20021,"NULL",10002,"NULL","NULL","Which is the largest organ in the human body?","The skin","The Large Intestine ","The Stomach ","The Brain ","SYSDATE()","NULL","NULL"
"NULL",20021,"NULL",10003,"NULL","NULL","Which metal do you get from bauxite?","Aluminium","Copper ","Steel","Iron","SYSDATE()","NULL","NULL"
"NULL",20021,"NULL",10004,"NULL","NULL","Which unit of measurement was defined by Henry III of England by placing three barleycorns in a line?","An inch","A Yard ","A Foot ","A Furlong ","SYSDATE()","NULL","NULL"
"NULL",20021,"NULL",10000,"NULL","NULL","Who invented the centigrade scale?","Anders Celsius","Soren Sorenson ","Richard Salter","Phillip Mattha","SYSDATE()","NULL","NULL"
"NULL",20021,"NULL",10001,"NULL","NULL","Who won the 1954 Nobel Prize for Chemistry and the 1962 Nobel Peace Prize?","Linus Pauling","Patrick Maynard","Thomas Stearns Elliot ","Sir Robert Robinson ","SYSDATE()","NULL","NULL"
"NULL",20021,"NULL",10002,"NULL","NULL","In radio and television, among other things, what does UHF stand for?","Ultra High Frequency","Under High Frequency ","Up High Frequency ","Ultimate Higher Frequency","SYSDATE()","NULL","NULL"
"NULL",20021,"NULL",10003,"NULL","NULL","During which phase of the moon can a solar eclipse occur?","New moon","Half Moon","Waxing Crescent Moon","First Quarter Moon","SYSDATE()","NULL","NULL"
