-- phpMyAdmin SQL Dump
-- version 3.4.10.1deb1
-- http://www.phpmyadmin.net
--
-- Host: localhost
-- Generation Time: Oct 12, 2015 at 01:27 AM
-- Server version: 5.5.35
-- PHP Version: 5.3.10-1ubuntu3.11

SET SQL_MODE="NO_AUTO_VALUE_ON_ZERO";
SET time_zone = "+00:00";


/*!40101 SET @OLD_CHARACTER_SET_CLIENT=@@CHARACTER_SET_CLIENT */;
/*!40101 SET @OLD_CHARACTER_SET_RESULTS=@@CHARACTER_SET_RESULTS */;
/*!40101 SET @OLD_COLLATION_CONNECTION=@@COLLATION_CONNECTION */;
/*!40101 SET NAMES utf8 */;

--
-- Database: `quizzically`
--

-- --------------------------------------------------------

--
-- Table structure for table `A_CLIENT`
--

CREATE TABLE IF NOT EXISTS `A_CLIENT` (
  `CLIENT_ID` int(11) NOT NULL AUTO_INCREMENT,
  `CLIENT_EMAIL` varchar(100) NOT NULL,
  `CLIENT_PASSWORD` varchar(100) NOT NULL,
  `ORGANISATION` varchar(100) DEFAULT NULL,
  `LOCATION_ID` int(11) DEFAULT NULL,
  `CLIENT_UPDATES` varchar(1) DEFAULT NULL,
  `CLIENT_CREATED` datetime NOT NULL,
  `QUIZ_CREDIT` int(11) NOT NULL,
  `QUIZ_HOSTED` int(11) NOT NULL,
  `RESET` varchar(100) DEFAULT NULL,
  `EXPIRE` varchar(100) DEFAULT NULL,
  PRIMARY KEY (`CLIENT_ID`),
  KEY `LOCATION_ID` (`LOCATION_ID`)
) ENGINE=InnoDB  DEFAULT CHARSET=latin1 AUTO_INCREMENT=30003 ;

--
-- Dumping data for table `A_CLIENT`
--

INSERT INTO `A_CLIENT` (`CLIENT_ID`, `CLIENT_EMAIL`, `CLIENT_PASSWORD`, `ORGANISATION`, `LOCATION_ID`, `CLIENT_UPDATES`, `CLIENT_CREATED`, `QUIZ_CREDIT`, `QUIZ_HOSTED`, `RESET`, `EXPIRE`) VALUES
(30000, 'quizzically@quizzically.co.uk', '29dd2f9f8d9312235caab2629e28ad45', 'quizzically', 40032, 'N', '2015-05-24 00:00:00', 150, 106, NULL, NULL),
(30001, 'jamie@test.com', '19cbccb72ccd5e328bdad2abb6822eb1', '', 40041, 'Y', '2015-07-16 22:10:54', 0, 0, NULL, NULL),
(30002, 'jamie1@test.com', '19cbccb72ccd5e328bdad2abb6822eb1', '', 40041, 'Y', '2015-07-16 22:11:20', 0, 0, NULL, NULL);

-- --------------------------------------------------------

--
-- Table structure for table `A_USER`
--

CREATE TABLE IF NOT EXISTS `A_USER` (
  `USER_ID` int(11) NOT NULL AUTO_INCREMENT,
  `USER_EMAIL` varchar(100) NOT NULL,
  `USER_PASSWORD` varchar(100) NOT NULL,
  `GENDER` varchar(1) DEFAULT NULL,
  `BIRTHDAY` datetime DEFAULT NULL,
  `LOCATION_ID` int(11) DEFAULT NULL,
  `USER_UPDATES` varchar(1) DEFAULT NULL,
  `USER_CREATED` datetime NOT NULL,
  `RESET` varchar(100) DEFAULT NULL,
  `EXPIRE` varchar(100) DEFAULT NULL,
  `QUIZ_PLAYED` int(11) NOT NULL,
  PRIMARY KEY (`USER_ID`),
  KEY `LOCATION_ID` (`LOCATION_ID`)
) ENGINE=InnoDB  DEFAULT CHARSET=latin1 AUTO_INCREMENT=50065 ;

--
-- Dumping data for table `A_USER`
--

INSERT INTO `A_USER` (`USER_ID`, `USER_EMAIL`, `USER_PASSWORD`, `GENDER`, `BIRTHDAY`, `LOCATION_ID`, `USER_UPDATES`, `USER_CREATED`, `RESET`, `EXPIRE`, `QUIZ_PLAYED`) VALUES
(50000, 'alligator@quizzically.co.uk', '29dd2f9f8d9312235caab2629e28ad45', 'X', '1970-01-01 00:00:00', 40032, 'N', '2015-05-24 00:00:00', NULL, NULL, 0),
(50001, 'aardvark@quizzically.co.uk', '29dd2f9f8d9312235caab2629e28ad45', 'X', '1970-01-01 00:00:00', 40032, 'N', '2015-05-24 00:00:00', NULL, NULL, 0),
(50002, 'bear@quizzically.co.uk', '29dd2f9f8d9312235caab2629e28ad45', 'X', '1970-01-01 00:00:00', 40032, 'N', '2015-05-24 00:00:00', NULL, NULL, 0),
(50003, 'baboon@quizzically.co.uk', '29dd2f9f8d9312235caab2629e28ad45', 'X', '1970-01-01 00:00:00', 40032, 'N', '2015-05-24 00:00:00', NULL, NULL, 0),
(50004, 'cat@quizzically.co.uk', '29dd2f9f8d9312235caab2629e28ad45', 'X', '1970-01-01 00:00:00', 40032, 'N', '2015-05-24 00:00:00', NULL, NULL, 0),
(50005, 'camel@quizzically.co.uk', '29dd2f9f8d9312235caab2629e28ad45', 'X', '1970-01-01 00:00:00', 40032, 'N', '2015-05-24 00:00:00', NULL, NULL, 0),
(50006, 'dog@quizzically.co.uk', '29dd2f9f8d9312235caab2629e28ad45', 'X', '1970-01-01 00:00:00', 40032, 'N', '2015-05-24 00:00:00', NULL, NULL, 0),
(50007, 'duck@quizzically.co.uk', '29dd2f9f8d9312235caab2629e28ad45', 'X', '1970-01-01 00:00:00', 40032, 'N', '2015-05-24 00:00:00', NULL, NULL, 0),
(50008, 'elephant@quizzically.co.uk', '29dd2f9f8d9312235caab2629e28ad45', 'X', '1970-01-01 00:00:00', 40032, 'N', '2015-05-24 00:00:00', NULL, NULL, 0),
(50009, 'eagle@quizzically.co.uk', '29dd2f9f8d9312235caab2629e28ad45', 'X', '1970-01-01 00:00:00', 40032, 'N', '2015-05-24 00:00:00', NULL, NULL, 0),
(50010, 'frog@quizzically.co.uk', '29dd2f9f8d9312235caab2629e28ad45', 'X', '1970-01-01 00:00:00', 40032, 'N', '2015-05-24 00:00:00', NULL, NULL, 0),
(50011, 'fox@quizzically.co.uk', '29dd2f9f8d9312235caab2629e28ad45', 'X', '1970-01-01 00:00:00', 40032, 'N', '2015-05-24 00:00:00', NULL, NULL, 0),
(50012, 'giraffe@quizzically.co.uk', '29dd2f9f8d9312235caab2629e28ad45', 'X', '1970-01-01 00:00:00', 40032, 'N', '2015-05-24 00:00:00', NULL, NULL, 0),
(50013, 'gorilla@quizzically.co.uk', '29dd2f9f8d9312235caab2629e28ad45', 'X', '1970-01-01 00:00:00', 40032, 'N', '2015-05-24 00:00:00', NULL, NULL, 0),
(50014, 'hippopotamus@quizzically.co.uk', '29dd2f9f8d9312235caab2629e28ad45', 'X', '1970-01-01 00:00:00', 40032, 'N', '2015-05-24 00:00:00', NULL, NULL, 0),
(50015, 'horse@quizzically.co.uk', '29dd2f9f8d9312235caab2629e28ad45', 'X', '1970-01-01 00:00:00', 40032, 'N', '2015-05-24 00:00:00', NULL, NULL, 0),
(50016, 'iguana@quizzically.co.uk', '29dd2f9f8d9312235caab2629e28ad45', 'X', '1970-01-01 00:00:00', 40032, 'N', '2015-05-24 00:00:00', NULL, NULL, 0),
(50017, 'ibis@quizzically.co.uk', '29dd2f9f8d9312235caab2629e28ad45', 'X', '1970-01-01 00:00:00', 40032, 'N', '2015-05-24 00:00:00', NULL, NULL, 0),
(50018, 'jaguar@quizzically.co.uk', '29dd2f9f8d9312235caab2629e28ad45', 'X', '1970-01-01 00:00:00', 40032, 'N', '2015-05-24 00:00:00', NULL, NULL, 0),
(50019, 'jellyfish@quizzically.co.uk', '29dd2f9f8d9312235caab2629e28ad45', 'X', '1970-01-01 00:00:00', 40032, 'N', '2015-05-24 00:00:00', NULL, NULL, 0),
(50020, 'kangaroo@quizzically.co.uk', '29dd2f9f8d9312235caab2629e28ad45', 'X', '1970-01-01 00:00:00', 40032, 'N', '2015-05-24 00:00:00', NULL, NULL, 0),
(50021, 'koala@quizzically.co.uk', '29dd2f9f8d9312235caab2629e28ad45', 'X', '1970-01-01 00:00:00', 40032, 'N', '2015-05-24 00:00:00', NULL, NULL, 0),
(50022, 'llama@quizzically.co.uk', '29dd2f9f8d9312235caab2629e28ad45', 'X', '1970-01-01 00:00:00', 40032, 'N', '2015-05-24 00:00:00', NULL, NULL, 0),
(50023, 'lion@quizzically.co.uk', '29dd2f9f8d9312235caab2629e28ad45', 'X', '1970-01-01 00:00:00', 40032, 'N', '2015-05-24 00:00:00', NULL, NULL, 0),
(50024, 'monkey@quizzically.co.uk', '29dd2f9f8d9312235caab2629e28ad45', 'X', '1970-01-01 00:00:00', 40032, 'N', '2015-05-24 00:00:00', NULL, NULL, 0),
(50025, 'mouse@quizzically.co.uk', '29dd2f9f8d9312235caab2629e28ad45', 'X', '1970-01-01 00:00:00', 40032, 'N', '2015-05-24 00:00:00', NULL, NULL, 0),
(50026, 'newt@quizzically.co.uk', '29dd2f9f8d9312235caab2629e28ad45', 'X', '1970-01-01 00:00:00', 40032, 'N', '2015-05-24 00:00:00', NULL, NULL, 0),
(50027, 'nightingale@quizzically.co.uk', '29dd2f9f8d9312235caab2629e28ad45', 'X', '1970-01-01 00:00:00', 40032, 'N', '2015-05-24 00:00:00', NULL, NULL, 0),
(50028, 'owl@quizzically.co.uk', '29dd2f9f8d9312235caab2629e28ad45', 'X', '1970-01-01 00:00:00', 40032, 'N', '2015-05-24 00:00:00', NULL, NULL, 0),
(50029, 'octopus@quizzically.co.uk', '29dd2f9f8d9312235caab2629e28ad45', 'X', '1970-01-01 00:00:00', 40032, 'N', '2015-05-24 00:00:00', NULL, NULL, 0),
(50030, 'pig@quizzically.co.uk', '29dd2f9f8d9312235caab2629e28ad45', 'X', '1970-01-01 00:00:00', 40032, 'N', '2015-05-24 00:00:00', NULL, NULL, 0),
(50031, 'penguin@quizzically.co.uk', '29dd2f9f8d9312235caab2629e28ad45', 'X', '1970-01-01 00:00:00', 40032, 'N', '2015-05-24 00:00:00', NULL, NULL, 0),
(50032, 'quail@quizzically.co.uk', '29dd2f9f8d9312235caab2629e28ad45', 'X', '1970-01-01 00:00:00', 40032, 'N', '2015-05-24 00:00:00', NULL, NULL, 0),
(50033, 'quokka@quizzically.co.uk', '29dd2f9f8d9312235caab2629e28ad45', 'X', '1970-01-01 00:00:00', 40032, 'N', '2015-05-24 00:00:00', NULL, NULL, 0),
(50034, 'rabbit@quizzically.co.uk', '29dd2f9f8d9312235caab2629e28ad45', 'X', '1970-01-01 00:00:00', 40032, 'N', '2015-05-24 00:00:00', NULL, NULL, 0),
(50035, 'rhinoceros@quizzically.co.uk', '29dd2f9f8d9312235caab2629e28ad45', 'X', '1970-01-01 00:00:00', 40032, 'N', '2015-05-24 00:00:00', NULL, NULL, 0),
(50036, 'shark@quizzically.co.uk', '29dd2f9f8d9312235caab2629e28ad45', 'X', '1970-01-01 00:00:00', 40032, 'N', '2015-05-24 00:00:00', NULL, NULL, 0),
(50037, 'sloth@quizzically.co.uk', '29dd2f9f8d9312235caab2629e28ad45', 'X', '1970-01-01 00:00:00', 40032, 'N', '2015-05-24 00:00:00', NULL, NULL, 0),
(50038, 'tiger@quizzically.co.uk', '29dd2f9f8d9312235caab2629e28ad45', 'X', '1970-01-01 00:00:00', 40032, 'N', '2015-05-24 00:00:00', NULL, NULL, 0),
(50039, 'turtle@quizzically.co.uk', '29dd2f9f8d9312235caab2629e28ad45', 'X', '1970-01-01 00:00:00', 40032, 'N', '2015-05-24 00:00:00', NULL, NULL, 0),
(50040, 'unicorn@quizzically.co.uk', '29dd2f9f8d9312235caab2629e28ad45', 'X', '1970-01-01 00:00:00', 40032, 'N', '2015-05-24 00:00:00', NULL, NULL, 0),
(50041, 'uakari@quizzically.co.uk', '29dd2f9f8d9312235caab2629e28ad45', 'X', '1970-01-01 00:00:00', 40032, 'N', '2015-05-24 00:00:00', NULL, NULL, 0),
(50042, 'vicuna@quizzically.co.uk', '29dd2f9f8d9312235caab2629e28ad45', 'X', '1970-01-01 00:00:00', 40032, 'N', '2015-05-24 00:00:00', NULL, NULL, 0),
(50043, 'vulture@quizzically.co.uk', '29dd2f9f8d9312235caab2629e28ad45', 'X', '1970-01-01 00:00:00', 40032, 'N', '2015-05-24 00:00:00', NULL, NULL, 0),
(50044, 'walrus@quizzically.co.uk', '29dd2f9f8d9312235caab2629e28ad45', 'X', '1970-01-01 00:00:00', 40032, 'N', '2015-05-24 00:00:00', NULL, NULL, 0),
(50045, 'whale@quizzically.co.uk', '29dd2f9f8d9312235caab2629e28ad45', 'X', '1970-01-01 00:00:00', 40032, 'N', '2015-05-24 00:00:00', NULL, NULL, 0),
(50046, 'yak@quizzically.co.uk', '29dd2f9f8d9312235caab2629e28ad45', 'X', '1970-01-01 00:00:00', 40032, 'N', '2015-05-24 00:00:00', NULL, NULL, 0),
(50047, 'yong@quizzically.co.uk', '29dd2f9f8d9312235caab2629e28ad45', 'X', '1970-01-01 00:00:00', 40032, 'N', '2015-05-24 00:00:00', NULL, NULL, 0),
(50048, 'zebra@quizzically.co.uk', '29dd2f9f8d9312235caab2629e28ad45', 'X', '1970-01-01 00:00:00', 40032, 'N', '2015-05-24 00:00:00', NULL, NULL, 0),
(50049, 'zebu@quizzically.co.uk', '29dd2f9f8d9312235caab2629e28ad45', 'X', '1970-01-01 00:00:00', 40032, 'N', '2015-05-24 00:00:00', NULL, NULL, 0),
(50050, 'carlossuarmau@outlook.com', 'a82f80319159d9f6829ded42aa52b6ff', 'M', '1985-09-04 00:00:00', 40032, 'Y', '2015-06-13 14:01:09', NULL, NULL, 0),
(50051, 'chadwick.helen@yahoo.com', 'f816a8913dcaaadac293102f4fad75f0', 'F', '1954-04-11 00:00:00', 40032, 'Y', '2015-07-13 01:34:32', NULL, NULL, 0),
(50052, 'fuzzybugone@verizon.net', '7fe9fcf91dc7d8c20b1261923d3543f9', 'F', '1970-01-01 00:00:00', 40032, 'N', '2015-07-17 05:06:10', NULL, NULL, 0),
(50053, 'wilest858@gmail.com', '7462f76ff95cf0bd4abdb3ae446d6934', 'F', '1987-12-11 00:00:00', 40002, 'Y', '2015-08-06 17:46:38', NULL, NULL, 0),
(50054, '', 'd41d8cd98f00b204e9800998ecf8427e', 'X', '1970-01-01 00:00:00', 40032, 'N', '2015-08-06 18:51:07', NULL, NULL, 0),
(50055, 'kassiblys90@gmail.com', '8a0c7d80fa5a610f52cdfe7b27b1650b', 'F', '1990-02-26 00:00:00', 40032, 'N', '2015-08-07 03:17:58', NULL, NULL, 0),
(50056, 'typographics@hotmail.com', '04d609d6ff9b5333bb819f55b94f72b2', 'M', '1955-03-17 00:00:00', 40000, 'N', '2015-08-07 20:14:02', NULL, NULL, 0),
(50057, 'claire.1.wall@uk.issworld.com', 'cda7a5e5254507ce72ddef329f449f10', 'F', '1990-03-02 00:00:00', 40004, 'N', '2015-08-19 13:54:32', NULL, NULL, 0),
(50058, 'scally@g.com', 'fbb8530a91c356b0c6739006042615eb', 'M', '1970-01-01 00:00:00', 40032, 'Y', '2015-08-28 19:52:48', NULL, NULL, 0),
(50059, 'james.wilson@uk.isseorld.com', '719f2410fe5e3f59fe35defade8b4b0a', 'M', '1975-09-05 00:00:00', 40032, 'N', '2015-09-03 12:35:54', NULL, NULL, 0),
(50060, 'scallya@fsmail.net', '6c29e9cc4042d972b15ff0304e636886', 'F', '1961-09-05 00:00:00', 40007, 'Y', '2015-09-05 18:12:18', NULL, NULL, 0),
(50061, 'cj@gmail.com', '89c9b495c71215366d90da3fc7634137', 'M', '2015-09-23 00:00:00', 40004, 'N', '2015-09-19 14:16:46', NULL, NULL, 0),
(50062, 'fizzyric@gmail.com', 'b6bfa6c318811be022d4f73070597660', 'X', '1970-01-01 00:00:00', 40032, 'Y', '2015-09-19 14:50:51', NULL, NULL, 0),
(50063, 'colon@gmail.com', 'cd474d96b7d33934e9dc47b57cb4c445', 'M', '1970-01-01 00:00:00', 40032, 'Y', '2015-09-19 14:52:49', NULL, NULL, 0),
(50064, 'scallybod@googlemail.com', '49e20b8766c85b92858bdf473be281af', 'M', '1970-01-01 00:00:00', 40013, 'Y', '2015-09-28 17:36:24', NULL, NULL, 0);

-- --------------------------------------------------------

--
-- Table structure for table `B_GAME`
--

CREATE TABLE IF NOT EXISTS `B_GAME` (
  `GAME_ID` int(11) NOT NULL AUTO_INCREMENT,
  `QUIZ_ID` int(11) NOT NULL,
  `QUESTIONS_LEFT` int(11) NOT NULL,
  `ROUNDS_LEFT` int(11) NOT NULL,
  `DIFFICULTY_ID` int(11) NOT NULL,
  `QUESTION_ID` int(11) DEFAULT NULL,
  `QUIZ_STATUS` varchar(1) NOT NULL,
  PRIMARY KEY (`GAME_ID`),
  KEY `QUIZ_ID` (`QUIZ_ID`),
  KEY `QUESTION_ID` (`QUESTION_ID`)
) ENGINE=InnoDB  DEFAULT CHARSET=latin1 AUTO_INCREMENT=89 ;

--
-- Dumping data for table `B_GAME`
--

INSERT INTO `B_GAME` (`GAME_ID`, `QUIZ_ID`, `QUESTIONS_LEFT`, `ROUNDS_LEFT`, `DIFFICULTY_ID`, `QUESTION_ID`, `QUIZ_STATUS`) VALUES
(1, 90016, 60, 0, 10000, NULL, 'N'),
(2, 90017, 2, 0, 10000, NULL, 'N'),
(3, 90017, 1, 0, 10000, 80044, 'R'),
(4, 90017, 0, 0, 10000, 80051, 'F'),
(5, 90018, 1, 0, 10000, NULL, 'N'),
(6, 90019, 6, 0, 10001, NULL, 'N'),
(7, 90020, 3, 0, 10000, NULL, 'N'),
(8, 90020, 2, 0, 10000, 80025, 'N'),
(9, 90021, 5, 0, 10003, NULL, 'N'),
(10, 90022, 10, 0, 10000, NULL, 'N'),
(11, 90022, 9, 0, 10000, 80032, 'R'),
(12, 90022, 8, 0, 10000, 80050, 'R'),
(13, 90022, 7, 0, 10000, 80054, 'R'),
(14, 90022, 6, 0, 10000, 80053, 'N'),
(15, 90023, 30, 0, 10002, NULL, 'R'),
(16, 90024, 30, 0, 10000, NULL, 'N'),
(17, 90024, 29, 0, 10000, 80016, 'R'),
(18, 90024, 28, 0, 10000, 80051, 'R'),
(19, 90024, 27, 0, 10000, 80009, 'R'),
(20, 90024, 26, 0, 10000, 80046, 'R'),
(21, 90024, 25, 0, 10000, 80003, 'R'),
(22, 90024, 24, 0, 10000, 80032, 'R'),
(23, 90024, 23, 0, 10000, 80030, 'R'),
(24, 90024, 22, 0, 10000, 80055, 'R'),
(25, 90024, 21, 0, 10000, 80024, 'R'),
(26, 90024, 20, 0, 10000, 80041, 'R'),
(27, 90024, 19, 0, 10000, 80012, 'R'),
(28, 90024, 18, 0, 10000, 80050, 'R'),
(29, 90024, 17, 0, 10000, 80002, 'R'),
(30, 90024, 16, 0, 10000, 80048, 'R'),
(31, 90024, 15, 0, 10000, 80013, 'R'),
(32, 90024, 14, 0, 10000, 80045, 'R'),
(33, 90024, 13, 0, 10000, 80054, 'R'),
(34, 90024, 12, 0, 10000, 80038, 'R'),
(35, 90024, 11, 0, 10000, 80025, 'R'),
(36, 90024, 10, 0, 10000, 80020, 'R'),
(37, 90024, 9, 0, 10000, 80022, 'R'),
(38, 90024, 8, 0, 10000, 80049, 'R'),
(39, 90024, 7, 0, 10000, 80033, 'R'),
(40, 90024, 6, 0, 10000, 80019, 'R'),
(41, 90024, 5, 0, 10000, 80058, 'R'),
(42, 90024, 4, 0, 10000, 80026, 'R'),
(43, 90024, 3, 0, 10000, 80011, 'R'),
(44, 90024, 2, 0, 10000, 80007, 'R'),
(45, 90024, 1, 0, 10000, 80017, 'R'),
(46, 90024, 0, 0, 10000, 80040, 'F'),
(47, 90025, 10, 0, 10000, NULL, 'N'),
(48, 90025, 9, 0, 10000, 80012, 'R'),
(49, 90025, 8, 0, 10000, 80044, 'R'),
(50, 90025, 7, 0, 10000, 80018, 'R'),
(51, 90025, 6, 0, 10000, 80033, 'R'),
(52, 90025, 5, 0, 10000, 80010, 'R'),
(53, 90025, 4, 0, 10000, 80008, 'R'),
(54, 90025, 3, 0, 10000, 80007, 'R'),
(55, 90025, 2, 0, 10000, 80019, 'R'),
(56, 90025, 1, 0, 10000, 80001, 'R'),
(57, 90025, 0, 0, 10000, 80050, 'F'),
(58, 90026, 30, 0, 10000, NULL, 'N'),
(59, 90026, 29, 0, 10000, 80030, 'R'),
(60, 90026, 28, 0, 10000, 80027, 'R'),
(61, 90026, 27, 0, 10000, 80018, 'R'),
(62, 90026, 26, 0, 10000, 80039, 'R'),
(63, 90026, 25, 0, 10000, 80002, 'R'),
(64, 90026, 24, 0, 10000, 80005, 'R'),
(65, 90026, 23, 0, 10000, 80044, 'R'),
(66, 90026, 22, 0, 10000, 80057, 'R'),
(67, 90026, 21, 0, 10000, 80013, 'R'),
(68, 90026, 20, 0, 10000, 80015, 'R'),
(69, 90026, 19, 0, 10000, 80033, 'R'),
(70, 90026, 18, 0, 10000, 80031, 'R'),
(71, 90026, 17, 0, 10000, 80049, 'R'),
(72, 90026, 16, 0, 10000, 80035, 'R'),
(73, 90026, 15, 0, 10000, 80011, 'R'),
(74, 90026, 14, 0, 10000, 80040, 'R'),
(75, 90026, 13, 0, 10000, 80032, 'R'),
(76, 90026, 12, 0, 10000, 80024, 'R'),
(77, 90026, 11, 0, 10000, 80026, 'R'),
(78, 90026, 10, 0, 10000, 80008, 'R'),
(79, 90026, 9, 0, 10000, 80028, 'R'),
(80, 90026, 8, 0, 10000, 80051, 'R'),
(81, 90026, 7, 0, 10000, 80037, 'R'),
(82, 90026, 6, 0, 10000, 80001, 'R'),
(83, 90026, 5, 0, 10000, 80036, 'R'),
(84, 90026, 4, 0, 10000, 80000, 'R'),
(85, 90026, 3, 0, 10000, 80003, 'R'),
(86, 90026, 2, 0, 10000, 80016, 'R'),
(87, 90026, 1, 0, 10000, 80007, 'R'),
(88, 90026, 0, 0, 10000, 80010, 'F');

-- --------------------------------------------------------

--
-- Table structure for table `B_PARTICIPANT`
--

CREATE TABLE IF NOT EXISTS `B_PARTICIPANT` (
  `PARTICIPANT_ID` int(11) NOT NULL AUTO_INCREMENT,
  `USER_ID` int(11) NOT NULL,
  `QUIZ_ID` int(11) NOT NULL,
  `PARTICIPANT_CREATED` datetime NOT NULL,
  `SCORE` int(11) NOT NULL,
  PRIMARY KEY (`PARTICIPANT_ID`),
  KEY `USER_ID` (`USER_ID`),
  KEY `QUIZ_ID` (`QUIZ_ID`)
) ENGINE=InnoDB  DEFAULT CHARSET=latin1 AUTO_INCREMENT=70043 ;

--
-- Dumping data for table `B_PARTICIPANT`
--

INSERT INTO `B_PARTICIPANT` (`PARTICIPANT_ID`, `USER_ID`, `QUIZ_ID`, `PARTICIPANT_CREATED`, `SCORE`) VALUES
(70000, 50000, 90000, '2015-06-01 10:09:02', 28105),
(70001, 50002, 90001, '2015-06-01 15:00:02', 0),
(70002, 50000, 90003, '2015-06-01 17:06:13', 1935),
(70003, 50048, 90004, '2015-06-01 18:54:14', 30111),
(70004, 50023, 90004, '2015-06-01 18:54:26', 18638),
(70005, 50006, 90004, '2015-06-01 18:54:42', 10861),
(70006, 50015, 90004, '2015-06-01 18:54:43', 11547),
(70007, 50007, 90004, '2015-06-01 18:54:53', 8797),
(70008, 50008, 90004, '2015-06-01 18:55:01', 9049),
(70009, 50024, 90004, '2015-06-01 18:55:09', 8543),
(70010, 50004, 90004, '2015-06-01 18:55:15', 15415),
(70011, 50038, 90004, '2015-06-01 18:55:23', 18797),
(70012, 50005, 90004, '2015-06-01 18:55:26', 7513),
(70013, 50023, 90008, '2015-06-01 19:55:53', 34371),
(70014, 50048, 90008, '2015-06-01 19:55:55', 31209),
(70015, 50004, 90008, '2015-06-01 19:56:00', 36876),
(70016, 50006, 90008, '2015-06-01 19:56:11', 19658),
(70017, 50024, 90008, '2015-06-01 19:56:14', 3942),
(70018, 50015, 90008, '2015-06-01 19:56:20', 27543),
(70019, 50008, 90008, '2015-06-01 19:56:25', 5663),
(70020, 50038, 90008, '2015-06-01 19:56:32', 39816),
(70021, 50007, 90008, '2015-06-01 19:56:36', 2868),
(70022, 50005, 90008, '2015-06-01 19:56:38', 4960),
(70023, 50004, 90009, '2015-06-03 13:31:40', 0),
(70024, 50006, 90010, '2015-06-24 11:18:14', 8050),
(70025, 50007, 90010, '2015-06-24 11:18:14', 7784),
(70026, 50004, 90010, '2015-06-24 11:18:24', 3402),
(70027, 50057, 90013, '2015-08-19 13:55:42', 0),
(70028, 50057, 90014, '2015-08-19 14:54:03', 0),
(70029, 50058, 90016, '2015-08-28 19:53:00', 0),
(70030, 50058, 90017, '2015-08-28 19:54:17', 916),
(70031, 50059, 90019, '2015-09-03 12:36:12', 0),
(70032, 50060, 90021, '2015-09-05 18:13:11', 0),
(70033, 50060, 90022, '2015-09-05 18:14:00', 949),
(70034, 50061, 90023, '2015-09-19 14:53:26', 0),
(70035, 50063, 90023, '2015-09-19 14:53:28', 0),
(70036, 50062, 90023, '2015-09-19 14:53:31', 0),
(70037, 50063, 90024, '2015-09-19 14:55:25', 20987),
(70038, 50062, 90024, '2015-09-19 14:55:27', 18158),
(70039, 50061, 90024, '2015-09-19 14:56:00', 16846),
(70040, 50008, 90025, '2015-09-20 17:31:53', 6752),
(70041, 50006, 90026, '2015-09-23 20:32:53', 12609),
(70042, 50008, 90026, '2015-09-23 20:32:55', 26814);

-- --------------------------------------------------------

--
-- Table structure for table `B_QUESTION`
--

CREATE TABLE IF NOT EXISTS `B_QUESTION` (
  `QUESTION_ID` int(11) NOT NULL AUTO_INCREMENT,
  `CATEGORY_ID` int(11) NOT NULL,
  `SUB_CATEGORY_ID` int(11) DEFAULT NULL,
  `DIFFICULTY_ID` int(11) NOT NULL,
  `LOCATION_ID` int(11) DEFAULT NULL,
  `ERA_ID` int(11) DEFAULT NULL,
  `QUESTION` varchar(1000) NOT NULL,
  `CORRECT_ANSWER` varchar(1000) NOT NULL,
  `WRONG_ANSWER_1` varchar(1000) NOT NULL,
  `WRONG_ANSWER_2` varchar(1000) NOT NULL,
  `WRONG_ANSWER_3` varchar(1000) NOT NULL,
  `QUESTION_CREATED` datetime NOT NULL,
  `CREATED_BY_USER` int(11) DEFAULT NULL,
  `CREATED_BY_CLIENT` int(11) DEFAULT NULL,
  PRIMARY KEY (`QUESTION_ID`),
  KEY `CATEGORY_ID` (`CATEGORY_ID`),
  KEY `SUB_CATEGORY_ID` (`SUB_CATEGORY_ID`),
  KEY `DIFFICULTY_ID` (`DIFFICULTY_ID`),
  KEY `LOCATION_ID` (`LOCATION_ID`),
  KEY `ERA_ID` (`ERA_ID`),
  KEY `CREATED_BY_USER` (`CREATED_BY_USER`),
  KEY `CREATED_BY_CLIENT` (`CREATED_BY_CLIENT`)
) ENGINE=InnoDB  DEFAULT CHARSET=latin1 AUTO_INCREMENT=80060 ;

--
-- Dumping data for table `B_QUESTION`
--

INSERT INTO `B_QUESTION` (`QUESTION_ID`, `CATEGORY_ID`, `SUB_CATEGORY_ID`, `DIFFICULTY_ID`, `LOCATION_ID`, `ERA_ID`, `QUESTION`, `CORRECT_ANSWER`, `WRONG_ANSWER_1`, `WRONG_ANSWER_2`, `WRONG_ANSWER_3`, `QUESTION_CREATED`, `CREATED_BY_USER`, `CREATED_BY_CLIENT`) VALUES
(80000, 20008, NULL, 10000, NULL, NULL, 'Which one of these Academy Awards did Gone With the Wind not win?', 'Best Actor', 'Best Actress', 'Best Picture', 'Best Supporting Actor', '2015-06-01 00:00:00', NULL, 30000),
(80001, 20008, NULL, 10000, NULL, NULL, 'Clint Eastwood gave us the immortal line, ''Go ahead, make my day'', in what film?', 'Dirty Harry', 'Magnum Force', 'Sudden Impact', 'Tightrope', '2015-06-01 00:00:00', NULL, 30000),
(80002, 20008, NULL, 10000, NULL, NULL, 'In the 1951 movie, The Day the Earth Stood Still, what was the name of the robot?', 'Gort', 'Klaatu', 'Robby', 'C3P0', '2015-06-01 00:00:00', NULL, 30000),
(80003, 20008, NULL, 10000, NULL, NULL, 'Cows have how many stomachs?', '4', '1', '2', '3', '2015-06-01 00:00:00', NULL, 30000),
(80004, 20008, NULL, 10000, NULL, NULL, 'How many years is 1,000,000 hours?', '114 Years', '111 Years', '211 Years', '214 Years', '2015-06-01 00:00:00', NULL, 30000),
(80005, 20008, NULL, 10000, NULL, NULL, 'How long is an Olympic sized swimming pool?', '50 Metres', '75 Metres', '100 Metres', '125 Metres', '2015-06-01 00:00:00', NULL, 30000),
(80006, 20008, NULL, 10000, NULL, NULL, 'In which year was the first FA Cup Final held at the old Wembley Stadium?', '1923', '1924', '1925', '1926', '2015-06-01 00:00:00', NULL, 30000),
(80007, 20008, NULL, 10000, NULL, NULL, 'What is Tiger Woods'' real first name?', 'Eldrick', 'Elmer', 'Elmore', 'Elston', '2015-06-01 00:00:00', NULL, 30000),
(80008, 20008, NULL, 10000, NULL, NULL, 'In 2006, who became Britain''s first ever gymnastics World Champion by winning the uneven bars in Denmark?', 'Beth Tweddle', 'Beth Twaddle', 'Beth Tweedle', 'Beth Twiddle', '2015-06-01 00:00:00', NULL, 30000),
(80009, 20008, NULL, 10000, NULL, NULL, 'Michael Schumacher joined which Formula One racing team in 1996?', 'Ferrari', 'Honda', 'McLaren', 'Williams', '2015-06-01 00:00:00', NULL, 30000),
(80010, 20008, NULL, 10000, NULL, NULL, 'Which athletics event is also known as the ''Metric Mile''?', '1500 metres', '400 metres', '2000 metres', '800 metres', '2015-06-01 00:00:00', NULL, 30000),
(80011, 20008, NULL, 10000, NULL, NULL, 'What nationality is the tennis player, Rafael Nadal?', 'Spanish', 'Peruvian', 'Brazilian', 'Argentinian', '2015-06-01 00:00:00', NULL, 30000),
(80012, 20008, NULL, 10000, NULL, NULL, 'Who won the 2009 Champions League final?', 'Barcelona', 'Man United', 'Juventus', 'Chelsea', '2015-06-01 00:00:00', NULL, 30000),
(80013, 20008, NULL, 10000, NULL, NULL, 'How many points are awarded for a try in Rugby League?', '4', '5', '3', '2', '2015-06-01 00:00:00', NULL, 30000),
(80014, 20008, NULL, 10000, NULL, NULL, 'Which band have had hits called ''Waiting For A Girl Like You'' and ''I want to know what love is''?', 'Foreigner', 'Air Supply', 'Bon Jovi', 'Journey', '2015-06-01 00:00:00', NULL, 30000),
(80015, 20008, NULL, 10000, NULL, NULL, 'Who played the villain Howard Payne in the film, Speed?', 'Dennis Hopper', 'Keanu Reeves', 'Gene Hackman', 'Harrison Ford', '2015-06-01 00:00:00', NULL, 30000),
(80016, 20008, NULL, 10000, NULL, NULL, 'How many grooves are on one side of an LP record?', '1', '2', '3', '4', '2015-06-01 00:00:00', NULL, 30000),
(80017, 20008, NULL, 10000, NULL, NULL, 'What was the name of The Who''s drummer, who died in 1978?', 'Keith Moon', 'Pete Townsend', 'Rodger Daltry', 'Keith Richards', '2015-06-01 00:00:00', NULL, 30000),
(80018, 20008, NULL, 10000, NULL, NULL, 'In which country are the headquarters of Interpol?', 'France', 'Germany', 'Spain', 'United Kingdom', '2015-06-01 00:00:00', NULL, 30000),
(80019, 20008, NULL, 10000, NULL, NULL, 'How many states is Australia divided into?', '6', '9', '5', '8', '2015-06-01 00:00:00', NULL, 30000),
(80020, 20008, NULL, 10000, NULL, NULL, 'Which of the following has the largest population? ', 'India', 'Brazil', 'Canada', 'Denmark', '2015-06-01 00:00:00', NULL, 30000),
(80021, 20008, NULL, 10000, NULL, NULL, 'How long did the 100 Years War last?', '116 Years', '100 Years', '105 Years', '110 Years', '2015-06-01 00:00:00', NULL, 30000),
(80022, 20008, NULL, 10000, NULL, NULL, 'How many rooms are on the Cluedo game board?', '8', '9', '10', '12', '2015-06-01 00:00:00', NULL, 30000),
(80023, 20008, NULL, 10000, NULL, NULL, 'In what year was NATO founded?', '1949', '1950', '1948', '1947', '2015-06-01 00:00:00', NULL, 30000),
(80024, 20008, NULL, 10000, NULL, NULL, 'In which year was Malcolm X assassinated, Singapore became independent from Malaysia, and Sir Winston Churchill died?', '1965', '1960', '1970', '1961', '2015-06-01 00:00:00', NULL, 30000),
(80025, 20008, NULL, 10000, NULL, NULL, 'In Golf, what is sometimes called a 10-iron?', 'A Wedge', 'A Putter', 'A Driver', 'A Caddie', '2015-06-01 00:00:00', NULL, 30000),
(80026, 20008, NULL, 10000, NULL, NULL, 'What sort of animal is a Rhodesian Ridgeback?', 'A Dog', 'A Horse', 'A Wild Cat', 'A Pig', '2015-06-01 00:00:00', NULL, 30000),
(80027, 20008, NULL, 10000, NULL, NULL, 'Which is the only muscle in your body that is only attached at one end?', 'Tongue', 'Biceps', 'Rotator Cuff', 'Adductor Muscle', '2015-06-01 00:00:00', NULL, 30000),
(80028, 20008, NULL, 10000, NULL, NULL, 'What is the capital city of New Zealand?', 'Wellington', 'Christchurch', 'Auckland', 'Adelaide', '2015-06-01 00:00:00', NULL, 30000),
(80029, 20008, NULL, 10000, NULL, NULL, 'What was the name of the first spacecraft to land softly on the moon?', 'Luna 9', 'Surveyor 1', 'Luna 13', 'Apollo 11', '2015-06-01 00:00:00', NULL, 30000),
(80030, 20008, NULL, 10000, NULL, NULL, 'Fredrick Sanger invented which life saver?', 'Insulin', 'Safety Pin', 'Inflatable Life Raft', 'Aspirin', '2015-06-01 00:00:00', NULL, 30000),
(80031, 20008, NULL, 10000, NULL, NULL, 'What did football referees get in 1970 that they had not had before?', 'Red and Yellow Cards', 'Whistles', 'Football Boots', 'Authority', '2015-06-01 00:00:00', NULL, 30000),
(80032, 20008, NULL, 10000, NULL, NULL, 'Which country won the first FIFA World Cup held in 1930?', 'Uruguay', 'Italy', 'France', 'Brazil', '2015-06-01 00:00:00', NULL, 30000),
(80033, 20008, NULL, 10000, NULL, NULL, 'What in Asia is a Tuk-tuk?', 'Auto-Rickshaw', 'Chain of Restaurants', 'Travel Company', 'Clothing Outlet', '2015-06-01 00:00:00', NULL, 30000),
(80034, 20008, NULL, 10000, NULL, NULL, 'Which sport has the highest ratio of officials to players?', 'Tennis', 'Volleyball', 'Swimming', 'Curling', '2015-06-01 00:00:00', NULL, 30000),
(80035, 20008, NULL, 10000, NULL, NULL, 'Air Force One is the US Presidents plane. What is Marine One?', 'His Helicopter', 'His Boat', 'His Sports Car', 'His Limousine', '2015-06-01 00:00:00', NULL, 30000),
(80036, 20008, NULL, 10000, NULL, NULL, 'Litmus paper turns what colour when in contact with an acid?', 'Red', 'Blue', 'Green', 'Pink', '2015-06-01 00:00:00', NULL, 30000),
(80037, 20008, NULL, 10000, NULL, NULL, 'What is the main spirit base of a classic Bloody Mary?', 'Vodka', 'Whiskey', 'Brandy', 'Tequila', '2015-06-01 00:00:00', NULL, 30000),
(80038, 20008, NULL, 10000, NULL, NULL, 'During which battle did the Charge of the Light Brigade take place?', 'The Battle Of Balaclava', 'The Battle Of Bilbao', 'The Battle Of Bailen', 'The Battle Of Brescia', '2015-06-01 00:00:00', NULL, 30000),
(80039, 20008, NULL, 10000, NULL, NULL, 'What are the largest and smallest bones in the human body?', 'The Femur and The Stirrup', 'The Tibia and Carpal', 'The Fibula and Tarsal', 'The Fibula and Carpal', '2015-06-01 00:00:00', NULL, 30000),
(80040, 20008, NULL, 10000, NULL, NULL, 'Angostura Bitters is produced from what?', 'Tree Bark', 'Watermelon', 'Orange Peel', 'The Stamens of a Crocus', '2015-06-01 00:00:00', NULL, 30000),
(80041, 20008, NULL, 10000, NULL, NULL, 'Which organisation is nicknamed The Company?', 'CIA', 'Interpol', 'Homeland Security', 'FBI', '2015-06-01 00:00:00', NULL, 30000),
(80042, 20008, NULL, 10000, NULL, NULL, 'Hadrians Wall was built in order to keep which wild men out of the Roman Empire?', 'The Scots', 'The Welsh', 'The Vikings', 'The Mongols', '2015-06-01 00:00:00', NULL, 30000),
(80043, 20008, NULL, 10000, NULL, NULL, 'The Duffle coat is named after a town in which country?', 'Belgium', 'Canada', 'France', 'Australia', '2015-06-01 00:00:00', NULL, 30000),
(80044, 20008, NULL, 10000, NULL, NULL, 'Which novel begins with the line, ''It was the best of times''?', 'Tale of Two Cities', 'Rebecca', 'Trainspotting', 'Chitty Chitty Bang Bang', '2015-06-01 00:00:00', NULL, 30000),
(80045, 20008, NULL, 10000, NULL, NULL, 'Which actor has not played Jack Ryan in film?', 'Christian Bale', 'Harrison Ford', 'Alec Baldwin', 'Ben Affleck', '2015-06-01 00:00:00', NULL, 30000),
(80046, 20008, NULL, 10000, NULL, NULL, 'What was the second animated feature film from Disney?', 'Pinocchio', 'Dumbo', 'Snow White', 'Jungle Book', '2015-06-01 00:00:00', NULL, 30000),
(80047, 20008, NULL, 10000, NULL, NULL, 'Which film was the biggest box office hit of the 1990s?', 'Titanic', 'Men In Black', 'Jurassic Park', 'Independence Day', '2015-06-01 00:00:00', NULL, 30000),
(80048, 20008, NULL, 10000, NULL, NULL, 'Jordan and Jonathan Knight were both members of which boy band?', 'New Kids On The Block', 'Take That', '''N SYNC', 'Backstreet Boys', '2015-06-01 00:00:00', NULL, 30000),
(80049, 20008, NULL, 10000, NULL, NULL, 'Which supergroup were originally called The New Yardbirds?', 'Led Zeppelin', 'The Who', 'Genesis', 'Pink Floyd', '2015-06-01 00:00:00', NULL, 30000),
(80050, 20008, NULL, 10000, NULL, NULL, 'The 2001 movie Black Hawk Down was set against a true conflict between the US and warlords in which African country?', 'Somalia', 'Sudan', 'Ethiopia', 'Rwanda', '2015-06-01 00:00:00', NULL, 30000),
(80051, 20008, NULL, 10000, NULL, NULL, 'What species were Benjy and Laska, who were sent into space in 1958?', 'Mice', 'Rats', 'Monkeys', 'Cats', '2015-06-01 00:00:00', NULL, 30000),
(80052, 20008, NULL, 10000, NULL, NULL, 'Who directly succeeded King Edward VI as Monarch of England?', 'Queen Jane', 'Queen Mary I', 'Queen Elizabeth I', 'King James I', '2015-06-01 00:00:00', NULL, 30000),
(80053, 20008, NULL, 10000, NULL, NULL, 'Which is your zodiac sign if you were born on the 15th of October?', 'Libra', 'Taurus', 'Virgo', 'Gemini', '2015-06-01 00:00:00', NULL, 30000),
(80054, 20008, NULL, 10000, NULL, NULL, 'Dentophobia is the fear of what?', 'Dentists', 'Teeth', 'Car Crashes', 'Toothbrushes', '2015-06-01 00:00:00', NULL, 30000),
(80055, 20008, NULL, 10000, NULL, NULL, 'At what temperature in Fahrenheit does water boil?', '212 Degrees', '100 Degrees', '312 Degrees', '253 Degrees', '2015-06-01 00:00:00', NULL, 30000),
(80056, 20008, NULL, 10000, NULL, NULL, 'With which name do we refer to a male cat?', 'Tomcat', 'Bobcat', 'Topcat', 'Fleabag', '2015-06-01 00:00:00', NULL, 30000),
(80057, 20008, NULL, 10000, NULL, NULL, 'An Aberdeen Angus is a type of what?', 'Cow', 'Dog', 'Pig', 'Plant', '2015-06-01 00:00:00', NULL, 30000),
(80058, 20008, NULL, 10000, NULL, NULL, 'How many years after the can was the can opener invented?', '48', '28', '18', '8', '2015-06-01 00:00:00', NULL, 30000),
(80059, 20008, NULL, 10000, NULL, NULL, 'New York City comprises how many boroughs?', '5', '6', '7', '12', '2015-06-01 00:00:00', NULL, 30000);

-- --------------------------------------------------------

--
-- Table structure for table `B_QUIZ`
--

CREATE TABLE IF NOT EXISTS `B_QUIZ` (
  `QUIZ_ID` int(11) NOT NULL AUTO_INCREMENT,
  `QUIZ_CODE` varchar(100) NOT NULL,
  `NO_OF_QUESTIONS` int(11) NOT NULL,
  `NO_OF_ROUNDS` int(11) NOT NULL,
  `DIFFICULTY_ID` int(11) NOT NULL,
  `LOCATION_ID` int(11) NOT NULL,
  `QUIZ_REGISTERED` datetime NOT NULL,
  `QUIZ_COMPLETED` datetime DEFAULT NULL,
  `NO_OF_USERS` int(11) NOT NULL,
  `CLIENT_ID` int(11) NOT NULL,
  PRIMARY KEY (`QUIZ_ID`),
  KEY `DIFFICULTY_ID` (`DIFFICULTY_ID`),
  KEY `CLIENT_ID` (`CLIENT_ID`),
  KEY `LOCATION_ID` (`LOCATION_ID`)
) ENGINE=InnoDB  DEFAULT CHARSET=latin1 AUTO_INCREMENT=90027 ;

--
-- Dumping data for table `B_QUIZ`
--

INSERT INTO `B_QUIZ` (`QUIZ_ID`, `QUIZ_CODE`, `NO_OF_QUESTIONS`, `NO_OF_ROUNDS`, `DIFFICULTY_ID`, `LOCATION_ID`, `QUIZ_REGISTERED`, `QUIZ_COMPLETED`, `NO_OF_USERS`, `CLIENT_ID`) VALUES
(90000, 'lords', 60, 0, 10000, 40032, '2015-06-01 10:08:52', '2015-06-01 10:16:53', 0, 30000),
(90001, 'chuff', 10, 0, 10000, 40058, '2015-06-01 14:57:45', NULL, 0, 30000),
(90002, 'shape', 4, 0, 10000, 40047, '2015-06-01 15:07:37', NULL, 0, 30000),
(90003, 'crest', 3, 0, 10000, 40032, '2015-06-01 17:05:55', '2015-06-01 17:06:44', 0, 30000),
(90004, 'peace', 60, 0, 10000, 40047, '2015-06-01 18:50:54', '2015-06-01 19:27:01', 0, 30000),
(90005, 'peppy', 3, 0, 10000, 40062, '2015-06-01 19:47:32', '2015-06-01 19:47:48', 0, 30000),
(90006, 'slash', 3, 0, 10000, 40032, '2015-06-01 19:48:36', '2015-06-01 19:48:59', 0, 30000),
(90007, 'spawn', 5, 0, 10000, 40032, '2015-06-01 19:49:33', '2015-06-01 19:51:40', 0, 30000),
(90008, 'carob', 60, 0, 10000, 40047, '2015-06-01 19:55:19', NULL, 0, 30000),
(90009, 'curly', 10, 0, 10000, 40047, '2015-06-03 12:41:48', NULL, 0, 30000),
(90010, 'hacks', 10, 0, 10000, 40047, '2015-06-24 11:17:59', '2015-06-24 11:28:01', 0, 30000),
(90011, 'bails', 4, 0, 10000, 40032, '2015-07-30 20:37:13', NULL, 0, 30000),
(90012, 'plaid', 10, 0, 10000, 40032, '2015-08-03 20:11:16', NULL, 0, 30000),
(90013, 'stunk', 10, 0, 10004, 40047, '2015-08-19 13:55:28', NULL, 0, 30000),
(90014, 'paves', 5, 0, 10002, 40047, '2015-08-19 14:53:50', NULL, 0, 30000),
(90015, 'facts', 5, 0, 10000, 40057, '2015-08-19 15:08:27', '2015-08-19 15:08:38', 0, 30000),
(90016, 'atilt', 60, 0, 10000, 40047, '2015-08-28 19:50:29', NULL, 0, 30000),
(90017, 'brave', 2, 0, 10000, 40063, '2015-08-28 19:54:01', '2015-08-28 19:54:48', 0, 30000),
(90018, 'throe', 1, 0, 10000, 40053, '2015-09-03 12:32:58', NULL, 0, 30000),
(90019, 'terns', 6, 0, 10001, 40053, '2015-09-03 12:33:18', NULL, 0, 30000),
(90020, 'there', 3, 0, 10000, 40032, '2015-09-03 13:17:46', NULL, 0, 30000),
(90021, 'sadly', 5, 0, 10003, 40065, '2015-09-05 18:09:31', NULL, 0, 30000),
(90022, 'sonic', 10, 0, 10000, 40032, '2015-09-05 18:13:47', NULL, 0, 30000),
(90023, 'humid', 30, 0, 10002, 40058, '2015-09-19 14:53:16', NULL, 0, 30000),
(90024, 'ester', 30, 0, 10000, 40061, '2015-09-19 14:55:18', '2015-09-19 15:08:39', 0, 30000),
(90025, 'pages', 10, 0, 10000, 40062, '2015-09-20 17:31:44', '2015-09-20 17:34:13', 0, 30000),
(90026, 'roots', 30, 0, 10000, 40048, '2015-09-23 20:30:41', '2015-09-23 20:45:13', 0, 30000);

-- --------------------------------------------------------

--
-- Table structure for table `C_INTERACTION`
--

CREATE TABLE IF NOT EXISTS `C_INTERACTION` (
  `INTERACTION_ID` int(11) NOT NULL AUTO_INCREMENT,
  `PARTICIPANT_ID` int(11) NOT NULL,
  `QUESTION_ID` int(11) NOT NULL,
  `SELECTED_ANSWER` varchar(250) DEFAULT NULL,
  `CORRECT` int(11) DEFAULT NULL,
  `CURRENT_SCORE` int(11) NOT NULL,
  `INTERACTION_DATE` datetime NOT NULL,
  PRIMARY KEY (`INTERACTION_ID`),
  KEY `PARTICIPANT_ID` (`PARTICIPANT_ID`),
  KEY `QUESTION_ID` (`QUESTION_ID`)
) ENGINE=InnoDB  DEFAULT CHARSET=latin1 AUTO_INCREMENT=101012 ;

--
-- Dumping data for table `C_INTERACTION`
--

INSERT INTO `C_INTERACTION` (`INTERACTION_ID`, `PARTICIPANT_ID`, `QUESTION_ID`, `SELECTED_ANSWER`, `CORRECT`, `CURRENT_SCORE`, `INTERACTION_DATE`) VALUES
(100000, 70000, 80037, 'Vodka', 1, 979, '2015-06-01 10:09:10'),
(100001, 70000, 80024, '1960', 0, 979, '2015-06-01 10:09:18'),
(100002, 70000, 80032, 'Italy', 0, 979, '2015-06-01 10:09:25'),
(100003, 70000, 80045, 'Harrison Ford', 0, 979, '2015-06-01 10:09:33'),
(100004, 70000, 80002, 'Gort', 1, 1885, '2015-06-01 10:09:43'),
(100005, 70000, 80031, 'Red and Yellow Cards', 1, 2862, '2015-06-01 10:09:49'),
(100006, 70000, 80020, 'India', 1, 3844, '2015-06-01 10:09:54'),
(100007, 70000, 80050, 'Somalia', 1, 4804, '2015-06-01 10:10:01'),
(100008, 70000, 80021, '116 Years', 1, 5783, '2015-06-01 10:10:07'),
(100009, 70000, 80038, 'The Battle Of Bilbao', 0, 5783, '2015-06-01 10:10:15'),
(100010, 70000, 80006, '1924', 0, 5783, '2015-06-01 10:10:22'),
(100011, 70000, 80004, '211 Years', 0, 5783, '2015-06-01 10:10:28'),
(100012, 70000, 80043, 'Belgium', 1, 6747, '2015-06-01 10:10:33'),
(100013, 70000, 80015, 'Dennis Hopper', 1, 7726, '2015-06-01 10:10:38'),
(100014, 70000, 80012, 'Barcelona', 1, 8679, '2015-06-01 10:10:44'),
(100015, 70000, 80005, '50 Metres', 1, 9650, '2015-06-01 10:10:51'),
(100016, 70000, 80044, 'Rebecca', 0, 9650, '2015-06-01 10:11:07'),
(100017, 70000, 80022, '8', 1, 10631, '2015-06-01 10:11:31'),
(100018, 70000, 80034, 'Tennis', 1, 11602, '2015-06-01 10:11:37'),
(100019, 70000, 80040, 'Tree Bark', 1, 12579, '2015-06-01 10:12:11'),
(100020, 70000, 80048, 'New Kids On The Block', 1, 13552, '2015-06-01 10:12:19'),
(100021, 70000, 80009, 'McLaren', 0, 13552, '2015-06-01 10:12:26'),
(100022, 70000, 80054, 'Dentists', 1, 14526, '2015-06-01 10:12:32'),
(100023, 70000, 80055, '100 Degrees', 0, 14526, '2015-06-01 10:12:38'),
(100024, 70000, 80056, 'Tomcat', 1, 15458, '2015-06-01 10:12:47'),
(100025, 70000, 80039, 'The Fibula and Carpal', 0, 15458, '2015-06-01 10:13:26'),
(100026, 70000, 80007, 'Eldrick', 1, 16437, '2015-06-01 10:13:32'),
(100027, 70000, 80053, 'Gemini', 0, 16437, '2015-06-01 10:13:36'),
(100028, 70000, 80003, '2', 0, 16437, '2015-06-01 10:13:42'),
(100029, 70000, 80052, 'Queen Jane', 1, 17413, '2015-06-01 10:13:49'),
(100030, 70000, 80046, 'Snow White', 0, 17413, '2015-06-01 10:13:58'),
(100031, 70000, 80042, 'The Mongols', 0, 17413, '2015-06-01 10:14:05'),
(100032, 70000, 80001, 'Tightrope', 0, 17413, '2015-06-01 10:14:10'),
(100033, 70000, 80058, '8', 0, 17413, '2015-06-01 10:14:16'),
(100034, 70000, 80017, 'Keith Richards', 0, 17413, '2015-06-01 10:14:22'),
(100035, 70000, 80010, '1500 metres', 1, 18391, '2015-06-01 10:14:28'),
(100036, 70000, 80029, 'Apollo 11', 0, 18391, '2015-06-01 10:14:33'),
(100037, 70000, 80051, 'Monkeys', 0, 18391, '2015-06-01 10:14:37'),
(100038, 70000, 80018, 'United Kingdom', 0, 18391, '2015-06-01 10:14:42'),
(100039, 70000, 80036, 'Blue', 0, 18391, '2015-06-01 10:14:47'),
(100040, 70000, 80025, 'A Wedge', 1, 19353, '2015-06-01 10:14:55'),
(100041, 70000, 80057, 'Cow', 1, 20330, '2015-06-01 10:15:02'),
(100042, 70000, 80049, 'Led Zeppelin', 1, 21309, '2015-06-01 10:15:08'),
(100043, 70000, 80030, 'Aspirin', 0, 21309, '2015-06-01 10:15:14'),
(100044, 70000, 80008, 'Beth Twaddle', 0, 21309, '2015-06-01 10:15:22'),
(100045, 70000, 80041, 'CIA', 1, 22286, '2015-06-01 10:15:29'),
(100046, 70000, 80028, 'Wellington', 1, 23265, '2015-06-01 10:15:35'),
(100047, 70000, 80035, 'His Helicopter', 1, 24192, '2015-06-01 10:15:47'),
(100048, 70000, 80011, 'Peruvian', 0, 24192, '2015-06-01 10:15:54'),
(100049, 70000, 80019, '6', 1, 25166, '2015-06-01 10:16:00'),
(100050, 70000, 80000, 'Best Actress', 0, 25166, '2015-06-01 10:16:06'),
(100051, 70000, 80059, '7', 0, 25166, '2015-06-01 10:16:11'),
(100052, 70000, 80013, '4', 1, 26149, '2015-06-01 10:16:17'),
(100053, 70000, 80047, 'Men In Black', 0, 26149, '2015-06-01 10:16:21'),
(100054, 70000, 80033, 'Clothing Outlet', 0, 26149, '2015-06-01 10:16:26'),
(100055, 70000, 80026, 'A Dog', 1, 27123, '2015-06-01 10:16:31'),
(100056, 70000, 80027, 'Tongue', 1, 28105, '2015-06-01 10:16:37'),
(100057, 70000, 80023, '1950', 0, 28105, '2015-06-01 10:16:41'),
(100058, 70000, 80014, 'Journey', 0, 28105, '2015-06-01 10:16:46'),
(100059, 70000, 80016, '3', 0, 28105, '2015-06-01 10:16:51'),
(100060, 70002, 80015, 'Dennis Hopper', 1, 957, '2015-06-01 17:06:24'),
(100061, 70002, 80023, '1948', 0, 957, '2015-06-01 17:06:35'),
(100062, 70002, 80028, 'Wellington', 1, 1935, '2015-06-01 17:06:41'),
(100063, 70008, 80055, '212 Degrees', 1, 870, '2015-06-01 18:55:58'),
(100064, 70003, 80055, '212 Degrees', 1, 810, '2015-06-01 18:56:00'),
(100065, 70005, 80055, '100 Degrees', 0, 0, '2015-06-01 18:56:01'),
(100066, 70004, 80055, '312 Degrees', 0, 0, '2015-06-01 18:56:02'),
(100067, 70010, 80055, '253 Degrees', 0, 0, '2015-06-01 18:56:03'),
(100068, 70009, 80055, '100 Degrees', 0, 0, '2015-06-01 18:56:04'),
(100069, 70006, 80055, '253 Degrees', 0, 0, '2015-06-01 18:56:04'),
(100070, 70007, 80055, '253 Degrees', 0, 0, '2015-06-01 18:56:05'),
(100071, 70012, 80055, '212 Degrees', 1, 504, '2015-06-01 18:56:08'),
(100072, 70011, 80055, '312 Degrees', 0, 0, '2015-06-01 18:56:10'),
(100073, 70011, 80021, '116 Years', 1, 938, '2015-06-01 18:56:59'),
(100074, 70010, 80021, '100 Years', 0, 0, '2015-06-01 18:56:59'),
(100075, 70003, 80021, '105 Years', 0, 810, '2015-06-01 18:57:01'),
(100076, 70005, 80021, '100 Years', 0, 0, '2015-06-01 18:57:01'),
(100077, 70004, 80021, '110 Years', 0, 0, '2015-06-01 18:57:01'),
(100078, 70007, 80021, '100 Years', 0, 0, '2015-06-01 18:57:02'),
(100079, 70006, 80021, '100 Years', 0, 0, '2015-06-01 18:57:03'),
(100080, 70009, 80021, '105 Years', 0, 0, '2015-06-01 18:57:04'),
(100081, 70008, 80021, '110 Years', 0, 870, '2015-06-01 18:57:06'),
(100082, 70012, 80021, '105 Years', 0, 504, '2015-06-01 18:57:21'),
(100083, 70003, 80057, 'Cow', 1, 1749, '2015-06-01 18:57:39'),
(100084, 70011, 80057, 'Cow', 1, 1868, '2015-06-01 18:57:40'),
(100085, 70004, 80057, 'Cow', 1, 885, '2015-06-01 18:57:41'),
(100086, 70010, 80057, 'Cow', 1, 844, '2015-06-01 18:57:41'),
(100087, 70012, 80057, 'Pig', 0, 504, '2015-06-01 18:57:42'),
(100088, 70005, 80057, 'Dog', 0, 0, '2015-06-01 18:57:43'),
(100089, 70008, 80057, 'Dog', 0, 870, '2015-06-01 18:57:43'),
(100090, 70006, 80057, 'Pig', 0, 0, '2015-06-01 18:57:44'),
(100091, 70007, 80057, 'Plant', 0, 0, '2015-06-01 18:57:47'),
(100092, 70009, 80057, 'Cow', 1, 627, '2015-06-01 18:57:48'),
(100093, 70010, 80059, '12', 0, 844, '2015-06-01 18:58:12'),
(100094, 70011, 80059, '5', 1, 2802, '2015-06-01 18:58:12'),
(100095, 70004, 80059, '5', 1, 1781, '2015-06-01 18:58:12'),
(100096, 70003, 80059, '5', 1, 2675, '2015-06-01 18:58:13'),
(100097, 70005, 80059, '5', 1, 872, '2015-06-01 18:58:13'),
(100098, 70006, 80059, '7', 0, 0, '2015-06-01 18:58:14'),
(100099, 70012, 80059, '7', 0, 504, '2015-06-01 18:58:14'),
(100100, 70009, 80059, '12', 0, 627, '2015-06-01 18:58:15'),
(100101, 70007, 80059, '7', 0, 0, '2015-06-01 18:58:16'),
(100102, 70008, 80059, '7', 0, 870, '2015-06-01 18:58:18'),
(100103, 70010, 80058, '18', 0, 844, '2015-06-01 18:58:36'),
(100104, 70003, 80058, '48', 1, 3611, '2015-06-01 18:58:36'),
(100105, 70004, 80058, '18', 0, 1781, '2015-06-01 18:58:36'),
(100106, 70011, 80058, '48', 1, 3737, '2015-06-01 18:58:37'),
(100107, 70005, 80058, '8', 0, 872, '2015-06-01 18:58:38'),
(100108, 70012, 80058, '48', 1, 1333, '2015-06-01 18:58:39'),
(100109, 70006, 80058, '28', 0, 0, '2015-06-01 18:58:39'),
(100110, 70008, 80058, '48', 1, 1689, '2015-06-01 18:58:40'),
(100111, 70009, 80058, '28', 0, 627, '2015-06-01 18:58:41'),
(100112, 70007, 80058, '8', 0, 0, '2015-06-01 18:58:43'),
(100113, 70010, 80030, 'Insulin', 1, 1791, '2015-06-01 18:58:55'),
(100114, 70011, 80030, 'Aspirin', 0, 3737, '2015-06-01 18:58:57'),
(100115, 70003, 80030, 'Insulin', 1, 4483, '2015-06-01 18:58:58'),
(100116, 70005, 80030, 'Inflatable Life Raft', 0, 872, '2015-06-01 18:58:58'),
(100117, 70006, 80030, 'Safety Pin', 0, 0, '2015-06-01 18:58:59'),
(100118, 70012, 80030, 'Inflatable Life Raft', 0, 1333, '2015-06-01 18:59:00'),
(100119, 70008, 80030, 'Safety Pin', 0, 1689, '2015-06-01 18:59:01'),
(100120, 70009, 80030, 'Insulin', 1, 1303, '2015-06-01 18:59:03'),
(100121, 70007, 80030, 'Aspirin', 0, 0, '2015-06-01 18:59:05'),
(100122, 70004, 80030, 'Inflatable Life Raft', 0, 1781, '2015-06-01 18:59:09'),
(100123, 70003, 80040, 'Tree Bark', 1, 5432, '2015-06-01 18:59:17'),
(100124, 70010, 80040, 'The Stamens of a Crocus', 0, 1791, '2015-06-01 18:59:17'),
(100125, 70011, 80040, 'Orange Peel', 0, 3737, '2015-06-01 18:59:19'),
(100126, 70005, 80040, 'Watermelon', 0, 872, '2015-06-01 18:59:19'),
(100127, 70006, 80040, 'Tree Bark', 1, 825, '2015-06-01 18:59:21'),
(100128, 70012, 80040, 'The Stamens of a Crocus', 0, 1333, '2015-06-01 18:59:21'),
(100129, 70004, 80040, 'The Stamens of a Crocus', 0, 1781, '2015-06-01 18:59:22'),
(100130, 70007, 80040, 'Tree Bark', 1, 748, '2015-06-01 18:59:23'),
(100131, 70008, 80040, 'Watermelon', 0, 1689, '2015-06-01 18:59:25'),
(100132, 70009, 80040, 'Watermelon', 0, 1303, '2015-06-01 18:59:26'),
(100133, 70010, 80038, 'The Battle Of Bilbao', 0, 1791, '2015-06-01 18:59:40'),
(100134, 70003, 80038, 'The Battle Of Balaclava', 1, 6343, '2015-06-01 18:59:41'),
(100135, 70005, 80038, 'The Battle Of Balaclava', 1, 1757, '2015-06-01 18:59:41'),
(100136, 70004, 80038, 'The Battle Of Bilbao', 0, 1781, '2015-06-01 18:59:41'),
(100137, 70011, 80038, 'The Battle Of Brescia', 0, 3737, '2015-06-01 18:59:42'),
(100138, 70006, 80038, 'The Battle Of Bailen', 0, 825, '2015-06-01 18:59:42'),
(100139, 70009, 80038, 'The Battle Of Bilbao', 0, 1303, '2015-06-01 18:59:44'),
(100140, 70007, 80038, 'The Battle Of Brescia', 0, 748, '2015-06-01 18:59:46'),
(100141, 70008, 80038, 'The Battle Of Balaclava', 1, 2392, '2015-06-01 18:59:47'),
(100142, 70012, 80038, 'The Battle Of Bailen', 0, 1333, '2015-06-01 18:59:52'),
(100143, 70011, 80014, 'Foreigner', 1, 4703, '2015-06-01 19:00:06'),
(100144, 70003, 80014, 'Foreigner', 1, 7291, '2015-06-01 19:00:07'),
(100145, 70010, 80014, 'Journey', 0, 1791, '2015-06-01 19:00:07'),
(100146, 70012, 80014, 'Journey', 0, 1333, '2015-06-01 19:00:08'),
(100147, 70005, 80014, 'Bon Jovi', 0, 1757, '2015-06-01 19:00:08'),
(100148, 70004, 80014, 'Foreigner', 1, 2655, '2015-06-01 19:00:09'),
(100149, 70006, 80014, 'Air Supply', 0, 825, '2015-06-01 19:00:09'),
(100150, 70008, 80014, 'Bon Jovi', 0, 2392, '2015-06-01 19:00:10'),
(100151, 70009, 80014, 'Air Supply', 0, 1303, '2015-06-01 19:00:12'),
(100152, 70007, 80014, 'Foreigner', 1, 1538, '2015-06-01 19:00:13'),
(100153, 70003, 80023, '1949', 1, 8244, '2015-06-01 19:00:27'),
(100154, 70004, 80023, '1949', 1, 3588, '2015-06-01 19:00:27'),
(100155, 70011, 80023, '1950', 0, 4703, '2015-06-01 19:00:28'),
(100156, 70010, 80023, '1950', 0, 1791, '2015-06-01 19:00:28'),
(100157, 70005, 80023, '1947', 0, 1757, '2015-06-01 19:00:29'),
(100158, 70012, 80023, '1947', 0, 1333, '2015-06-01 19:00:30'),
(100159, 70006, 80023, '1949', 1, 1656, '2015-06-01 19:00:31'),
(100160, 70007, 80023, '1947', 0, 1538, '2015-06-01 19:00:32'),
(100161, 70009, 80023, '1949', 1, 2033, '2015-06-01 19:00:34'),
(100162, 70008, 80023, '1950', 0, 2392, '2015-06-01 19:00:36'),
(100163, 70003, 80036, 'Red', 1, 9197, '2015-06-01 19:01:09'),
(100164, 70011, 80036, 'Pink', 0, 4703, '2015-06-01 19:01:09'),
(100165, 70010, 80036, 'Red', 1, 2722, '2015-06-01 19:01:10'),
(100166, 70012, 80036, 'Red', 1, 2188, '2015-06-01 19:01:12'),
(100167, 70005, 80036, 'Pink', 0, 1757, '2015-06-01 19:01:12'),
(100168, 70004, 80036, 'Pink', 0, 3588, '2015-06-01 19:01:12'),
(100169, 70006, 80036, 'Pink', 0, 1656, '2015-06-01 19:01:14'),
(100170, 70008, 80036, 'Pink', 0, 2392, '2015-06-01 19:01:14'),
(100171, 70009, 80036, 'Blue', 0, 2033, '2015-06-01 19:01:16'),
(100172, 70007, 80036, 'Green', 0, 1538, '2015-06-01 19:01:18'),
(100173, 70003, 80039, 'The Femur and The Stirrup', 1, 10106, '2015-06-01 19:01:30'),
(100174, 70011, 80039, 'The Tibia and Carpal', 0, 4703, '2015-06-01 19:01:30'),
(100175, 70010, 80039, 'The Fibula and Tarsal', 0, 2722, '2015-06-01 19:01:31'),
(100176, 70012, 80039, 'The Fibula and Carpal', 0, 2188, '2015-06-01 19:01:32'),
(100177, 70005, 80039, 'The Fibula and Carpal', 0, 1757, '2015-06-01 19:01:33'),
(100178, 70004, 80039, 'The Fibula and Carpal', 0, 3588, '2015-06-01 19:01:33'),
(100179, 70006, 80039, 'The Femur and The Stirrup', 1, 2476, '2015-06-01 19:01:34'),
(100180, 70007, 80039, 'The Femur and The Stirrup', 1, 2320, '2015-06-01 19:01:35'),
(100181, 70009, 80039, 'The Fibula and Tarsal', 0, 2033, '2015-06-01 19:01:37'),
(100182, 70008, 80039, 'The Femur and The Stirrup', 1, 2929, '2015-06-01 19:01:42'),
(100183, 70003, 80054, 'Teeth', 0, 10106, '2015-06-01 19:02:22'),
(100184, 70004, 80054, 'Toothbrushes', 0, 3588, '2015-06-01 19:02:23'),
(100185, 70010, 80054, 'Car Crashes', 0, 2722, '2015-06-01 19:02:24'),
(100186, 70011, 80054, 'Teeth', 0, 4703, '2015-06-01 19:02:25'),
(100187, 70005, 80054, 'Teeth', 0, 1757, '2015-06-01 19:02:25'),
(100188, 70006, 80054, 'Car Crashes', 0, 2476, '2015-06-01 19:02:26'),
(100189, 70008, 80054, 'Toothbrushes', 0, 2929, '2015-06-01 19:02:28'),
(100190, 70009, 80054, 'Car Crashes', 0, 2033, '2015-06-01 19:02:30'),
(100191, 70007, 80054, 'Dentists', 1, 3006, '2015-06-01 19:02:32'),
(100192, 70012, 80054, 'Toothbrushes', 0, 2188, '2015-06-01 19:02:35'),
(100193, 70010, 80028, 'Christchurch', 0, 2722, '2015-06-01 19:02:57'),
(100194, 70011, 80028, 'Auckland', 0, 4703, '2015-06-01 19:02:57'),
(100195, 70004, 80028, 'Christchurch', 0, 3588, '2015-06-01 19:02:57'),
(100196, 70003, 80028, 'Wellington', 1, 11045, '2015-06-01 19:02:58'),
(100197, 70012, 80028, 'Christchurch', 0, 2188, '2015-06-01 19:02:59'),
(100198, 70005, 80028, 'Wellington', 1, 2638, '2015-06-01 19:02:59'),
(100199, 70006, 80028, 'Adelaide', 0, 2476, '2015-06-01 19:03:00'),
(100200, 70008, 80028, 'Wellington', 1, 3739, '2015-06-01 19:03:02'),
(100201, 70007, 80028, 'Wellington', 1, 3724, '2015-06-01 19:03:07'),
(100202, 70009, 80028, 'Wellington', 1, 2572, '2015-06-01 19:03:11'),
(100203, 70003, 80013, '3', 0, 11045, '2015-06-01 19:03:49'),
(100204, 70004, 80013, '4', 1, 4512, '2015-06-01 19:03:50'),
(100205, 70010, 80013, '3', 0, 2722, '2015-06-01 19:03:50'),
(100206, 70005, 80013, '5', 0, 2638, '2015-06-01 19:03:52'),
(100207, 70006, 80013, '4', 1, 3309, '2015-06-01 19:03:53'),
(100208, 70011, 80013, '3', 0, 4703, '2015-06-01 19:03:56'),
(100209, 70012, 80013, '2', 0, 2188, '2015-06-01 19:03:57'),
(100210, 70009, 80013, '5', 0, 2572, '2015-06-01 19:04:01'),
(100211, 70008, 80013, '3', 0, 3739, '2015-06-01 19:04:05'),
(100212, 70007, 80013, '4', 1, 4118, '2015-06-01 19:04:08'),
(100213, 70010, 80031, 'Football Boots', 0, 2722, '2015-06-01 19:04:20'),
(100214, 70011, 80031, 'Whistles', 0, 4703, '2015-06-01 19:04:21'),
(100215, 70003, 80031, 'Red and Yellow Cards', 1, 11884, '2015-06-01 19:04:21'),
(100216, 70006, 80031, 'Red and Yellow Cards', 1, 4126, '2015-06-01 19:04:23'),
(100217, 70012, 80031, 'Authority', 0, 2188, '2015-06-01 19:04:24'),
(100218, 70004, 80031, 'Red and Yellow Cards', 1, 5285, '2015-06-01 19:04:24'),
(100219, 70008, 80031, 'Red and Yellow Cards', 1, 4409, '2015-06-01 19:04:27'),
(100220, 70007, 80031, 'Authority', 0, 4118, '2015-06-01 19:04:30'),
(100221, 70009, 80031, 'Football Boots', 0, 2572, '2015-06-01 19:04:34'),
(100222, 70005, 80031, 'Authority', 0, 2638, '2015-06-01 19:04:35'),
(100223, 70010, 80056, 'Topcat', 0, 2722, '2015-06-01 19:05:22'),
(100224, 70003, 80056, 'Tomcat', 1, 12831, '2015-06-01 19:05:22'),
(100225, 70005, 80056, 'Topcat', 0, 2638, '2015-06-01 19:05:24'),
(100226, 70006, 80056, 'Fleabag', 0, 4126, '2015-06-01 19:05:26'),
(100227, 70011, 80056, 'Tomcat', 1, 5570, '2015-06-01 19:05:26'),
(100228, 70004, 80056, 'Tomcat', 1, 6072, '2015-06-01 19:05:27'),
(100229, 70012, 80056, 'Topcat', 0, 2188, '2015-06-01 19:05:28'),
(100230, 70008, 80056, 'Tomcat', 1, 5102, '2015-06-01 19:05:30'),
(100231, 70009, 80056, 'Fleabag', 0, 2572, '2015-06-01 19:05:32'),
(100232, 70007, 80056, 'Bobcat', 0, 4118, '2015-06-01 19:05:33'),
(100233, 70011, 80001, 'Dirty Harry', 1, 6536, '2015-06-01 19:05:46'),
(100234, 70010, 80001, 'Dirty Harry', 1, 3617, '2015-06-01 19:05:48'),
(100235, 70004, 80001, 'Dirty Harry', 1, 6979, '2015-06-01 19:05:48'),
(100236, 70003, 80001, 'Dirty Harry', 1, 13738, '2015-06-01 19:05:48'),
(100237, 70012, 80001, 'Magnum Force', 0, 2188, '2015-06-01 19:05:48'),
(100238, 70005, 80001, 'Tightrope', 0, 2638, '2015-06-01 19:05:50'),
(100239, 70008, 80001, 'Sudden Impact', 0, 5102, '2015-06-01 19:05:50'),
(100240, 70006, 80001, 'Sudden Impact', 0, 4126, '2015-06-01 19:05:50'),
(100241, 70007, 80001, 'Magnum Force', 0, 4118, '2015-06-01 19:05:53'),
(100242, 70009, 80001, 'Tightrope', 0, 2572, '2015-06-01 19:05:56'),
(100243, 70009, 80027, 'Adductor Muscle', 0, 2572, '2015-06-01 19:07:13'),
(100244, 70010, 80027, 'Biceps', 0, 3617, '2015-06-01 19:07:15'),
(100245, 70011, 80027, 'Tongue', 1, 7427, '2015-06-01 19:07:16'),
(100246, 70005, 80027, 'Tongue', 1, 3419, '2015-06-01 19:07:17'),
(100247, 70008, 80027, 'Rotator Cuff', 0, 5102, '2015-06-01 19:07:19'),
(100248, 70006, 80027, 'Adductor Muscle', 0, 4126, '2015-06-01 19:07:19'),
(100249, 70004, 80027, 'Tongue', 1, 7675, '2015-06-01 19:07:20'),
(100250, 70003, 80027, 'Tongue', 1, 14411, '2015-06-01 19:07:20'),
(100251, 70012, 80027, 'Biceps', 0, 2188, '2015-06-01 19:07:21'),
(100252, 70007, 80027, 'Biceps', 0, 4118, '2015-06-01 19:07:27'),
(100253, 70003, 80051, 'Mice', 1, 15314, '2015-06-01 19:07:37'),
(100254, 70010, 80051, 'Monkeys', 0, 3617, '2015-06-01 19:07:39'),
(100255, 70011, 80051, 'Monkeys', 0, 7427, '2015-06-01 19:07:39'),
(100256, 70004, 80051, 'Monkeys', 0, 7675, '2015-06-01 19:07:39'),
(100257, 70005, 80051, 'Mice', 1, 4194, '2015-06-01 19:07:40'),
(100258, 70012, 80051, 'Rats', 0, 2188, '2015-06-01 19:07:41'),
(100259, 70006, 80051, 'Rats', 0, 4126, '2015-06-01 19:07:42'),
(100260, 70008, 80051, 'Mice', 1, 5828, '2015-06-01 19:07:43'),
(100261, 70007, 80051, 'Cats', 0, 4118, '2015-06-01 19:07:44'),
(100262, 70009, 80051, 'Rats', 0, 2572, '2015-06-01 19:07:46'),
(100263, 70010, 80008, 'Beth Tweedle', 0, 3617, '2015-06-01 19:07:58'),
(100264, 70011, 80008, 'Beth Tweedle', 0, 7427, '2015-06-01 19:07:58'),
(100265, 70005, 80008, 'Beth Twaddle', 0, 4194, '2015-06-01 19:08:00'),
(100266, 70003, 80008, 'Beth Tweddle', 1, 16151, '2015-06-01 19:08:00'),
(100267, 70012, 80008, 'Beth Tweedle', 0, 2188, '2015-06-01 19:08:00'),
(100268, 70004, 80008, 'Beth Tweedle', 0, 7675, '2015-06-01 19:08:01'),
(100269, 70008, 80008, 'Beth Twiddle', 0, 5828, '2015-06-01 19:08:02'),
(100270, 70006, 80008, 'Beth Twiddle', 0, 4126, '2015-06-01 19:08:05'),
(100271, 70009, 80008, 'Beth Twaddle', 0, 2572, '2015-06-01 19:08:05'),
(100272, 70007, 80008, 'Beth Tweddle', 1, 4796, '2015-06-01 19:08:06'),
(100273, 70003, 80035, 'His Helicopter', 1, 17091, '2015-06-01 19:08:35'),
(100274, 70004, 80035, 'His Helicopter', 1, 8602, '2015-06-01 19:08:35'),
(100275, 70010, 80035, 'His Boat', 0, 3617, '2015-06-01 19:08:36'),
(100276, 70011, 80035, 'His Boat', 0, 7427, '2015-06-01 19:08:36'),
(100277, 70005, 80035, 'His Boat', 0, 4194, '2015-06-01 19:08:38'),
(100278, 70006, 80035, 'His Boat', 0, 4126, '2015-06-01 19:08:39'),
(100279, 70012, 80035, 'His Helicopter', 1, 2967, '2015-06-01 19:08:40'),
(100280, 70008, 80035, 'His Sports Car', 0, 5828, '2015-06-01 19:08:43'),
(100281, 70009, 80035, 'His Limousine', 0, 2572, '2015-06-01 19:08:44'),
(100282, 70007, 80035, 'His Sports Car', 0, 4796, '2015-06-01 19:08:45'),
(100283, 70003, 80000, 'Best Actor', 1, 18047, '2015-06-01 19:08:59'),
(100284, 70011, 80000, 'Best Actor', 1, 8360, '2015-06-01 19:09:00'),
(100285, 70010, 80000, 'Best Actor', 1, 4527, '2015-06-01 19:09:00'),
(100286, 70004, 80000, 'Best Actress', 0, 8602, '2015-06-01 19:09:01'),
(100287, 70012, 80000, 'Best Actress', 0, 2967, '2015-06-01 19:09:02'),
(100288, 70006, 80000, 'Best Actress', 0, 4126, '2015-06-01 19:09:03'),
(100289, 70008, 80000, 'Best Supporting Actor', 0, 5828, '2015-06-01 19:09:04'),
(100290, 70009, 80000, 'Best Picture', 0, 2572, '2015-06-01 19:09:06'),
(100291, 70005, 80000, 'Best Supporting Actor', 0, 4194, '2015-06-01 19:09:06'),
(100292, 70007, 80000, 'Best Picture', 0, 4796, '2015-06-01 19:09:10'),
(100293, 70003, 80009, 'Ferrari', 1, 18994, '2015-06-01 19:10:46'),
(100294, 70004, 80009, 'Ferrari', 1, 9521, '2015-06-01 19:10:47'),
(100295, 70010, 80009, 'Ferrari', 1, 5408, '2015-06-01 19:10:47'),
(100296, 70011, 80009, 'Ferrari', 1, 9277, '2015-06-01 19:10:48'),
(100297, 70012, 80009, 'Honda', 0, 2967, '2015-06-01 19:10:50'),
(100298, 70005, 80009, 'Honda', 0, 4194, '2015-06-01 19:10:50'),
(100299, 70009, 80009, 'Ferrari', 1, 3338, '2015-06-01 19:10:51'),
(100300, 70006, 80009, 'Ferrari', 1, 4918, '2015-06-01 19:10:52'),
(100301, 70008, 80009, 'Williams', 0, 5828, '2015-06-01 19:10:53'),
(100302, 70007, 80009, 'McLaren', 0, 4796, '2015-06-01 19:10:55'),
(100303, 70004, 80007, 'Eldrick', 1, 10474, '2015-06-01 19:11:48'),
(100304, 70010, 80007, 'Eldrick', 1, 6341, '2015-06-01 19:11:48'),
(100305, 70011, 80007, 'Eldrick', 1, 11193, '2015-06-01 19:11:48'),
(100306, 70011, 80007, 'Eldrick', 1, 11193, '2015-06-01 19:11:48'),
(100307, 70003, 80007, 'Eldrick', 1, 19935, '2015-06-01 19:11:48'),
(100308, 70012, 80007, 'Eldrick', 1, 3857, '2015-06-01 19:11:50'),
(100309, 70005, 80007, 'Eldrick', 1, 5050, '2015-06-01 19:11:50'),
(100310, 70006, 80007, 'Eldrick', 1, 5730, '2015-06-01 19:11:53'),
(100311, 70009, 80007, 'Eldrick', 1, 4133, '2015-06-01 19:11:53'),
(100312, 70008, 80007, 'Eldrick', 1, 6626, '2015-06-01 19:11:53'),
(100313, 70007, 80007, 'Eldrick', 1, 5532, '2015-06-01 19:11:55'),
(100314, 70010, 80020, 'India', 1, 7301, '2015-06-01 19:12:10'),
(100315, 70004, 80020, 'India', 1, 11408, '2015-06-01 19:12:11'),
(100316, 70011, 80020, 'India', 1, 12138, '2015-06-01 19:12:12'),
(100317, 70005, 80020, 'India', 1, 5977, '2015-06-01 19:12:12'),
(100318, 70008, 80020, 'India', 1, 7557, '2015-06-01 19:12:12'),
(100319, 70003, 80020, 'India', 1, 20880, '2015-06-01 19:12:12'),
(100320, 70006, 80020, 'India', 1, 6650, '2015-06-01 19:12:13'),
(100321, 70007, 80020, 'India', 1, 6435, '2015-06-01 19:12:13'),
(100322, 70012, 80020, 'India', 1, 4654, '2015-06-01 19:12:15'),
(100323, 70009, 80020, 'India', 1, 4899, '2015-06-01 19:12:17'),
(100324, 70004, 80002, 'Gort', 1, 12361, '2015-06-01 19:12:34'),
(100325, 70003, 80002, 'Gort', 1, 21831, '2015-06-01 19:12:35'),
(100326, 70010, 80002, 'Gort', 1, 8228, '2015-06-01 19:12:35'),
(100327, 70011, 80002, 'Klaatu', 0, 12138, '2015-06-01 19:12:35'),
(100328, 70005, 80002, 'Klaatu', 0, 5977, '2015-06-01 19:12:38'),
(100329, 70006, 80002, 'Klaatu', 0, 6650, '2015-06-01 19:12:39'),
(100330, 70009, 80002, 'Gort', 1, 5713, '2015-06-01 19:12:39'),
(100331, 70008, 80002, 'C3P0', 0, 7557, '2015-06-01 19:12:40'),
(100332, 70007, 80002, 'Robby', 0, 6435, '2015-06-01 19:12:42'),
(100333, 70012, 80002, 'N0ne', 0, 4654, '2015-06-01 19:13:03'),
(100334, 70004, 80010, '1500 metres', 1, 13316, '2015-06-01 19:13:15'),
(100335, 70010, 80010, '1500 metres', 1, 9173, '2015-06-01 19:13:15'),
(100336, 70011, 80010, '1500 metres', 1, 13103, '2015-06-01 19:13:15'),
(100337, 70005, 80010, '2000 metres', 0, 5977, '2015-06-01 19:13:16'),
(100338, 70003, 80010, '1500 metres', 1, 22763, '2015-06-01 19:13:16'),
(100339, 70012, 80010, '2000 metres', 0, 4654, '2015-06-01 19:13:17'),
(100340, 70006, 80010, '800 metres', 0, 6650, '2015-06-01 19:13:18'),
(100341, 70008, 80010, '800 metres', 0, 7557, '2015-06-01 19:13:19'),
(100342, 70009, 80010, '400 metres', 0, 5713, '2015-06-01 19:13:20'),
(100343, 70007, 80010, '2000 metres', 0, 6435, '2015-06-01 19:13:22'),
(100344, 70011, 80052, 'Queen Jane', 1, 14074, '2015-06-01 19:15:58'),
(100345, 70003, 80052, 'Queen Jane', 1, 23710, '2015-06-01 19:15:59'),
(100346, 70010, 80052, 'Queen Jane', 1, 10110, '2015-06-01 19:15:59'),
(100347, 70012, 80052, 'Queen Jane', 1, 5538, '2015-06-01 19:16:00'),
(100348, 70004, 80052, 'Queen Jane', 1, 14216, '2015-06-01 19:16:01'),
(100349, 70005, 80052, 'Queen Jane', 1, 6833, '2015-06-01 19:16:01'),
(100350, 70006, 80052, 'Queen Jane', 1, 7525, '2015-06-01 19:16:02'),
(100351, 70008, 80052, 'King James I', 0, 7557, '2015-06-01 19:16:02'),
(100352, 70007, 80052, 'Queen Jane', 1, 7175, '2015-06-01 19:16:06'),
(100353, 70009, 80052, 'King James I', 0, 5713, '2015-06-01 19:16:09'),
(100354, 70003, 80042, 'The Scots', 1, 24654, '2015-06-01 19:18:22'),
(100355, 70011, 80042, 'The Scots', 1, 15012, '2015-06-01 19:18:23'),
(100356, 70010, 80042, 'The Vikings', 0, 10110, '2015-06-01 19:18:24'),
(100357, 70004, 80042, 'The Vikings', 0, 14216, '2015-06-01 19:18:24'),
(100358, 70005, 80042, 'The Vikings', 0, 6833, '2015-06-01 19:18:25'),
(100359, 70012, 80042, 'The Scots', 1, 6372, '2015-06-01 19:18:26'),
(100360, 70006, 80042, 'The Vikings', 0, 7525, '2015-06-01 19:18:27'),
(100361, 70008, 80042, 'The Mongols', 0, 7557, '2015-06-01 19:18:28'),
(100362, 70009, 80042, 'The Vikings', 0, 5713, '2015-06-01 19:18:30'),
(100363, 70007, 80042, 'The Welsh', 0, 7175, '2015-06-01 19:18:33'),
(100364, 70011, 80029, 'Surveyor 1', 0, 15012, '2015-06-01 19:18:48'),
(100365, 70010, 80029, 'Luna 9', 1, 11030, '2015-06-01 19:18:48'),
(100366, 70004, 80029, 'Luna 13', 0, 14216, '2015-06-01 19:18:48'),
(100367, 70003, 80029, 'Luna 9', 1, 25600, '2015-06-01 19:18:49'),
(100368, 70012, 80029, 'Luna 13', 0, 6372, '2015-06-01 19:18:50'),
(100369, 70006, 80029, 'Luna 9', 1, 8411, '2015-06-01 19:18:50'),
(100370, 70008, 80029, 'Apollo 11', 0, 7557, '2015-06-01 19:18:52'),
(100371, 70005, 80029, 'Luna 9', 1, 7610, '2015-06-01 19:18:53'),
(100372, 70009, 80029, 'Luna 9', 1, 6477, '2015-06-01 19:18:54'),
(100373, 70007, 80029, 'Luna 9', 1, 7886, '2015-06-01 19:18:56'),
(100374, 70011, 80044, 'Tale of Two Cities', 1, 15959, '2015-06-01 19:20:43'),
(100375, 70012, 80044, 'Chitty Chitty Bang Bang', 0, 6372, '2015-06-01 19:20:45'),
(100376, 70010, 80044, 'Tale of Two Cities', 1, 11863, '2015-06-01 19:20:46'),
(100377, 70003, 80044, 'Tale of Two Cities', 1, 26436, '2015-06-01 19:20:47'),
(100378, 70008, 80044, 'Rebecca', 0, 7557, '2015-06-01 19:20:47'),
(100379, 70005, 80044, 'Chitty Chitty Bang Bang', 0, 7610, '2015-06-01 19:20:48'),
(100380, 70006, 80044, 'Trainspotting', 0, 8411, '2015-06-01 19:20:48'),
(100381, 70004, 80044, 'Tale of Two Cities', 1, 14980, '2015-06-01 19:20:49'),
(100382, 70009, 80044, 'Trainspotting', 0, 6477, '2015-06-01 19:20:51'),
(100383, 70007, 80044, 'Trainspotting', 0, 7886, '2015-06-01 19:20:53'),
(100384, 70003, 80034, 'Tennis', 1, 27362, '2015-06-01 19:21:13'),
(100385, 70004, 80034, 'Tennis', 1, 15878, '2015-06-01 19:21:15'),
(100386, 70011, 80034, 'Tennis', 1, 16883, '2015-06-01 19:21:15'),
(100387, 70010, 80034, 'Tennis', 1, 12746, '2015-06-01 19:21:15'),
(100388, 70012, 80034, 'Swimming', 0, 6372, '2015-06-01 19:21:16'),
(100389, 70005, 80034, 'Tennis', 1, 8437, '2015-06-01 19:21:17'),
(100390, 70006, 80034, 'Tennis', 1, 9215, '2015-06-01 19:21:18'),
(100391, 70008, 80034, 'Tennis', 1, 8331, '2015-06-01 19:21:19'),
(100392, 70009, 80034, 'Tennis', 1, 7176, '2015-06-01 19:21:20'),
(100393, 70007, 80034, 'Curling', 0, 7886, '2015-06-01 19:21:23'),
(100394, 70011, 80050, 'Somalia', 1, 17855, '2015-06-01 19:21:48'),
(100395, 70012, 80050, 'Ethiopia', 0, 6372, '2015-06-01 19:21:49'),
(100396, 70004, 80050, 'Somalia', 1, 16781, '2015-06-01 19:21:51'),
(100397, 70008, 80050, 'Sudan', 0, 8331, '2015-06-01 19:21:51'),
(100398, 70010, 80050, 'Somalia', 1, 13590, '2015-06-01 19:21:53'),
(100399, 70003, 80050, 'Somalia', 1, 28221, '2015-06-01 19:21:53'),
(100400, 70009, 80050, 'Somalia', 1, 7993, '2015-06-01 19:21:53'),
(100401, 70005, 80050, 'Somalia', 1, 9214, '2015-06-01 19:21:55'),
(100402, 70006, 80050, 'Somalia', 1, 9974, '2015-06-01 19:21:56'),
(100403, 70007, 80050, 'Rwanda', 0, 7886, '2015-06-01 19:21:57'),
(100404, 70003, 80041, 'CIA', 1, 29163, '2015-06-01 19:22:40'),
(100405, 70011, 80041, 'CIA', 1, 18797, '2015-06-01 19:22:41'),
(100406, 70004, 80041, 'CIA', 1, 17688, '2015-06-01 19:22:42'),
(100407, 70010, 80041, 'CIA', 1, 14472, '2015-06-01 19:22:42'),
(100408, 70012, 80041, 'CIA', 1, 7170, '2015-06-01 19:22:44'),
(100409, 70005, 80041, 'CIA', 1, 9970, '2015-06-01 19:22:45'),
(100410, 70008, 80041, 'CIA', 1, 9049, '2015-06-01 19:22:47'),
(100411, 70006, 80041, 'CIA', 1, 10675, '2015-06-01 19:22:48'),
(100412, 70009, 80041, 'CIA', 1, 8543, '2015-06-01 19:22:52'),
(100413, 70007, 80041, 'FBI', 0, 7886, '2015-06-01 19:22:54'),
(100414, 70004, 80018, 'France', 1, 18638, '2015-06-01 19:26:40'),
(100415, 70010, 80018, 'France', 1, 15415, '2015-06-01 19:26:40'),
(100416, 70003, 80018, 'France', 1, 30111, '2015-06-01 19:26:40'),
(100417, 70007, 80018, 'France', 1, 8797, '2015-06-01 19:26:41'),
(100418, 70005, 80018, 'France', 1, 10861, '2015-06-01 19:26:42'),
(100419, 70006, 80018, 'France', 1, 11547, '2015-06-01 19:26:43'),
(100420, 70009, 80018, 'Germany', 0, 8543, '2015-06-01 19:26:45'),
(100421, 70008, 80018, 'Spain', 0, 9049, '2015-06-01 19:26:49'),
(100422, 70011, 80018, 'Spain', 0, 18797, '2015-06-01 19:26:55'),
(100423, 70012, 80018, 'France', 1, 7513, '2015-06-01 19:26:58'),
(100424, 70014, 80026, 'A Dog', 1, 939, '2015-06-01 19:57:15'),
(100425, 70015, 80026, 'A Dog', 1, 934, '2015-06-01 19:57:16'),
(100426, 70020, 80026, 'A Dog', 1, 954, '2015-06-01 19:57:16'),
(100427, 70013, 80026, 'A Dog', 1, 920, '2015-06-01 19:57:16'),
(100428, 70016, 80026, 'A Dog', 1, 861, '2015-06-01 19:57:18'),
(100429, 70022, 80026, 'A Horse', 0, 0, '2015-06-01 19:57:18'),
(100430, 70018, 80026, 'A Dog', 1, 866, '2015-06-01 19:57:19'),
(100431, 70019, 80026, 'A Wild Cat', 0, 0, '2015-06-01 19:57:20'),
(100432, 70017, 80026, 'A Pig', 0, 0, '2015-06-01 19:57:22'),
(100433, 70021, 80026, 'A Horse', 0, 0, '2015-06-01 19:57:28'),
(100434, 70015, 80058, '48', 1, 1878, '2015-06-01 19:58:08'),
(100435, 70013, 80058, '48', 1, 1881, '2015-06-01 19:58:08'),
(100436, 70014, 80058, '48', 1, 1896, '2015-06-01 19:58:08'),
(100437, 70020, 80058, '48', 1, 2880, '2015-06-01 19:58:08'),
(100438, 70020, 80058, '48', 1, 2880, '2015-06-01 19:58:08'),
(100439, 70016, 80058, '8', 0, 861, '2015-06-01 19:58:09'),
(100440, 70022, 80058, '28', 0, 0, '2015-06-01 19:58:10'),
(100441, 70018, 80058, '18', 0, 866, '2015-06-01 19:58:10'),
(100442, 70019, 80058, '18', 0, 0, '2015-06-01 19:58:12'),
(100443, 70017, 80058, '28', 0, 0, '2015-06-01 19:58:14'),
(100444, 70021, 80058, '8', 0, 0, '2015-06-01 19:58:15'),
(100445, 70013, 80023, '1949', 1, 2844, '2015-06-01 19:58:22'),
(100446, 70020, 80023, '1949', 1, 3841, '2015-06-01 19:58:23'),
(100447, 70014, 80023, '1949', 1, 2848, '2015-06-01 19:58:23'),
(100448, 70015, 80023, '1949', 1, 2819, '2015-06-01 19:58:23'),
(100449, 70022, 80023, '1950', 0, 0, '2015-06-01 19:58:24'),
(100450, 70016, 80023, '1947', 0, 861, '2015-06-01 19:58:24'),
(100451, 70018, 80023, '1948', 0, 866, '2015-06-01 19:58:26'),
(100452, 70019, 80023, '1948', 0, 0, '2015-06-01 19:58:27'),
(100453, 70017, 80023, '1949', 1, 773, '2015-06-01 19:58:28'),
(100454, 70021, 80023, '1950', 0, 0, '2015-06-01 19:58:29'),
(100455, 70015, 80022, '8', 1, 3762, '2015-06-01 19:58:41'),
(100456, 70014, 80022, '8', 1, 3787, '2015-06-01 19:58:42'),
(100457, 70020, 80022, '8', 1, 4795, '2015-06-01 19:58:42'),
(100458, 70013, 80022, '8', 1, 3771, '2015-06-01 19:58:42'),
(100459, 70016, 80022, '10', 0, 861, '2015-06-01 19:58:43'),
(100460, 70022, 80022, '9', 0, 0, '2015-06-01 19:58:43'),
(100461, 70018, 80022, '9', 0, 866, '2015-06-01 19:58:44'),
(100462, 70019, 80022, '10', 0, 0, '2015-06-01 19:58:45'),
(100463, 70017, 80022, '12', 0, 773, '2015-06-01 19:58:47'),
(100464, 70021, 80022, '10', 0, 0, '2015-06-01 19:58:48'),
(100465, 70020, 80021, '116 Years', 1, 5755, '2015-06-01 19:59:08'),
(100466, 70013, 80021, '116 Years', 1, 4697, '2015-06-01 19:59:08'),
(100467, 70022, 80021, '100 Years', 0, 0, '2015-06-01 19:59:10'),
(100468, 70015, 80021, '116 Years', 1, 4575, '2015-06-01 19:59:11'),
(100469, 70019, 80021, '105 Years', 0, 0, '2015-06-01 19:59:13'),
(100470, 70016, 80021, '100 Years', 0, 861, '2015-06-01 19:59:13'),
(100471, 70014, 80021, '116 Years', 1, 4593, '2015-06-01 19:59:13'),
(100472, 70018, 80021, '110 Years', 0, 866, '2015-06-01 19:59:14'),
(100473, 70017, 80021, '110 Years', 0, 773, '2015-06-01 19:59:14'),
(100474, 70021, 80021, '116 Years', 1, 700, '2015-06-01 19:59:16'),
(100475, 70015, 80002, 'Gort', 1, 5525, '2015-06-01 19:59:37'),
(100476, 70020, 80002, 'Gort', 1, 6725, '2015-06-01 19:59:37'),
(100477, 70016, 80002, 'Klaatu', 0, 861, '2015-06-01 19:59:38'),
(100478, 70022, 80002, 'Robby', 0, 0, '2015-06-01 19:59:38'),
(100479, 70013, 80002, 'Gort', 1, 5635, '2015-06-01 19:59:38'),
(100480, 70014, 80002, 'Gort', 1, 5523, '2015-06-01 19:59:39'),
(100481, 70018, 80002, 'C3P0', 0, 866, '2015-06-01 19:59:39'),
(100482, 70019, 80002, 'C3P0', 0, 0, '2015-06-01 19:59:40'),
(100483, 70017, 80002, 'C3P0', 0, 773, '2015-06-01 19:59:42'),
(100484, 70021, 80002, 'Klaatu', 0, 700, '2015-06-01 19:59:43'),
(100485, 70015, 80042, 'The Scots', 1, 6495, '2015-06-01 19:59:51'),
(100486, 70014, 80042, 'The Scots', 1, 6467, '2015-06-01 19:59:52'),
(100487, 70020, 80042, 'The Scots', 1, 7683, '2015-06-01 19:59:52'),
(100488, 70013, 80042, 'The Scots', 1, 6583, '2015-06-01 19:59:52'),
(100489, 70016, 80042, 'The Mongols', 0, 861, '2015-06-01 19:59:52'),
(100490, 70022, 80042, 'The Welsh', 0, 0, '2015-06-01 19:59:53'),
(100491, 70018, 80042, 'The Welsh', 0, 866, '2015-06-01 19:59:53'),
(100492, 70019, 80042, 'The Scots', 1, 894, '2015-06-01 19:59:54'),
(100493, 70017, 80042, 'The Vikings', 0, 773, '2015-06-01 19:59:57'),
(100494, 70021, 80042, 'The Mongols', 0, 700, '2015-06-01 19:59:58'),
(100495, 70013, 80009, 'Ferrari', 1, 7540, '2015-06-01 20:00:04'),
(100496, 70020, 80009, 'Ferrari', 1, 9629, '2015-06-01 20:00:05'),
(100497, 70020, 80009, 'Ferrari', 1, 9629, '2015-06-01 20:00:05'),
(100498, 70015, 80009, 'Ferrari', 1, 7443, '2015-06-01 20:00:05'),
(100499, 70014, 80009, 'Ferrari', 1, 7416, '2015-06-01 20:00:05'),
(100500, 70016, 80009, 'McLaren', 0, 861, '2015-06-01 20:00:06'),
(100501, 70018, 80009, 'Honda', 0, 866, '2015-06-01 20:00:07'),
(100502, 70022, 80009, 'Williams', 0, 0, '2015-06-01 20:00:07'),
(100503, 70019, 80009, 'McLaren', 0, 894, '2015-06-01 20:00:09'),
(100504, 70017, 80009, 'Honda', 0, 773, '2015-06-01 20:00:11'),
(100505, 70021, 80009, 'Williams', 0, 700, '2015-06-01 20:00:12'),
(100506, 70020, 80006, '1923', 1, 11565, '2015-06-01 20:00:23'),
(100507, 70020, 80006, '1923', 1, 11565, '2015-06-01 20:00:23'),
(100508, 70015, 80006, '1923', 1, 8404, '2015-06-01 20:00:24'),
(100509, 70014, 80006, '1923', 1, 8362, '2015-06-01 20:00:24'),
(100510, 70013, 80006, '1923', 1, 8475, '2015-06-01 20:00:25'),
(100511, 70018, 80006, '1925', 0, 866, '2015-06-01 20:00:25'),
(100512, 70022, 80006, '1923', 1, 872, '2015-06-01 20:00:26'),
(100513, 70016, 80006, '1924', 0, 861, '2015-06-01 20:00:29'),
(100514, 70019, 80006, '1924', 0, 894, '2015-06-01 20:00:29'),
(100515, 70017, 80006, '1926', 0, 773, '2015-06-01 20:00:31'),
(100516, 70021, 80006, '1925', 0, 700, '2015-06-01 20:00:32'),
(100517, 70014, 80043, 'Belgium', 1, 9303, '2015-06-01 20:01:01'),
(100518, 70020, 80043, 'Belgium', 1, 12478, '2015-06-01 20:01:02'),
(100519, 70015, 80043, 'Belgium', 1, 9278, '2015-06-01 20:01:02'),
(100520, 70013, 80043, 'Belgium', 1, 9366, '2015-06-01 20:01:02'),
(100521, 70016, 80043, 'Canada', 0, 861, '2015-06-01 20:01:03'),
(100522, 70022, 80043, 'Australia', 0, 872, '2015-06-01 20:01:04'),
(100523, 70018, 80043, 'Belgium', 1, 1637, '2015-06-01 20:01:06'),
(100524, 70019, 80043, 'France', 0, 894, '2015-06-01 20:01:06'),
(100525, 70017, 80043, 'Canada', 0, 773, '2015-06-01 20:01:09'),
(100526, 70021, 80043, 'Canada', 0, 700, '2015-06-01 20:01:10'),
(100527, 70013, 80041, 'CIA', 1, 10319, '2015-06-01 20:01:16'),
(100528, 70015, 80041, 'CIA', 1, 10226, '2015-06-01 20:01:16'),
(100529, 70020, 80041, 'CIA', 1, 13412, '2015-06-01 20:01:17'),
(100530, 70016, 80041, 'FBI', 0, 861, '2015-06-01 20:01:18'),
(100531, 70018, 80041, 'Homeland Security', 0, 1637, '2015-06-01 20:01:18'),
(100532, 70022, 80041, 'FBI', 0, 872, '2015-06-01 20:01:19'),
(100533, 70014, 80041, 'CIA', 1, 10258, '2015-06-01 20:01:19'),
(100534, 70019, 80041, 'Homeland Security', 0, 894, '2015-06-01 20:01:20'),
(100535, 70017, 80041, 'Homeland Security', 0, 773, '2015-06-01 20:01:22'),
(100536, 70021, 80041, 'Interpol', 0, 700, '2015-06-01 20:01:23'),
(100537, 70014, 80044, 'Tale of Two Cities', 1, 11195, '2015-06-01 20:01:34'),
(100538, 70015, 80044, 'Tale of Two Cities', 1, 11161, '2015-06-01 20:01:34'),
(100539, 70013, 80044, 'Tale of Two Cities', 1, 11263, '2015-06-01 20:01:34'),
(100540, 70020, 80044, 'Tale of Two Cities', 1, 14334, '2015-06-01 20:01:35'),
(100541, 70016, 80044, 'Chitty Chitty Bang Bang', 0, 861, '2015-06-01 20:01:35'),
(100542, 70022, 80044, 'Chitty Chitty Bang Bang', 0, 872, '2015-06-01 20:01:37'),
(100543, 70018, 80044, 'Tale of Two Cities', 1, 2488, '2015-06-01 20:01:37'),
(100544, 70019, 80044, 'Rebecca', 0, 894, '2015-06-01 20:01:38'),
(100545, 70017, 80044, 'Trainspotting', 0, 773, '2015-06-01 20:01:40'),
(100546, 70021, 80044, 'Rebecca', 0, 700, '2015-06-01 20:01:41'),
(100547, 70015, 80040, 'Tree Bark', 1, 12119, '2015-06-01 20:02:10'),
(100548, 70013, 80040, 'Tree Bark', 1, 12184, '2015-06-01 20:02:11'),
(100549, 70020, 80040, 'Tree Bark', 1, 15283, '2015-06-01 20:02:11'),
(100550, 70016, 80040, 'Tree Bark', 1, 1750, '2015-06-01 20:02:12'),
(100551, 70022, 80040, 'Orange Peel', 0, 872, '2015-06-01 20:02:13'),
(100552, 70014, 80040, 'Tree Bark', 1, 12099, '2015-06-01 20:02:13'),
(100553, 70019, 80040, 'Watermelon', 0, 894, '2015-06-01 20:02:14'),
(100554, 70018, 80040, 'Tree Bark', 1, 3299, '2015-06-01 20:02:15'),
(100555, 70017, 80040, 'Watermelon', 0, 773, '2015-06-01 20:02:16'),
(100556, 70021, 80040, 'The Stamens of a Crocus', 0, 700, '2015-06-01 20:02:17'),
(100557, 70015, 80056, 'Tomcat', 1, 13082, '2015-06-01 20:02:31'),
(100558, 70013, 80056, 'Tomcat', 1, 13147, '2015-06-01 20:02:32'),
(100559, 70020, 80056, 'Tomcat', 1, 16238, '2015-06-01 20:02:32'),
(100560, 70018, 80056, 'Tomcat', 1, 4237, '2015-06-01 20:02:32'),
(100561, 70022, 80056, 'Fleabag', 0, 872, '2015-06-01 20:02:35'),
(100562, 70014, 80056, 'Tomcat', 1, 12933, '2015-06-01 20:02:36'),
(100563, 70019, 80056, 'Topcat', 0, 894, '2015-06-01 20:02:36'),
(100564, 70017, 80056, 'Topcat', 0, 773, '2015-06-01 20:02:39'),
(100565, 70016, 80056, 'Tomcat', 1, 2475, '2015-06-01 20:02:39'),
(100566, 70021, 80056, 'Bobcat', 0, 700, '2015-06-01 20:02:40'),
(100567, 70015, 80004, '111 Years', 0, 13082, '2015-06-01 20:02:56'),
(100568, 70018, 80004, '114 Years', 1, 5168, '2015-06-01 20:02:56'),
(100569, 70013, 80004, '114 Years', 1, 14030, '2015-06-01 20:02:57'),
(100570, 70020, 80004, '114 Years', 1, 17108, '2015-06-01 20:02:59'),
(100571, 70022, 80004, '111 Years', 0, 872, '2015-06-01 20:03:01'),
(100572, 70019, 80004, '211 Years', 0, 894, '2015-06-01 20:03:03'),
(100573, 70016, 80004, '114 Years', 1, 3178, '2015-06-01 20:03:03'),
(100574, 70021, 80004, '214 Years', 0, 700, '2015-06-01 20:03:06'),
(100575, 70014, 80004, '114 Years', 1, 13570, '2015-06-01 20:03:06'),
(100576, 70017, 80004, '211 Years', 0, 773, '2015-06-01 20:03:09'),
(100577, 70015, 80010, '1500 metres', 1, 14044, '2015-06-01 20:03:20'),
(100578, 70020, 80010, '1500 metres', 1, 18067, '2015-06-01 20:03:21'),
(100579, 70013, 80010, '1500 metres', 1, 14955, '2015-06-01 20:03:21'),
(100580, 70022, 80010, '400 metres', 0, 872, '2015-06-01 20:03:23'),
(100581, 70018, 80010, '1500 metres', 1, 6043, '2015-06-01 20:03:23'),
(100582, 70019, 80010, '800 metres', 0, 894, '2015-06-01 20:03:25'),
(100583, 70016, 80010, '1500 metres', 1, 3957, '2015-06-01 20:03:26'),
(100584, 70017, 80010, '2000 metres', 0, 773, '2015-06-01 20:03:27'),
(100585, 70014, 80010, '1500 metres', 1, 14261, '2015-06-01 20:03:29'),
(100586, 70021, 80010, '1500 metres', 1, 1397, '2015-06-01 20:03:29'),
(100587, 70015, 80025, 'A Wedge', 1, 15005, '2015-06-01 20:04:03'),
(100588, 70020, 80025, 'A Wedge', 1, 20011, '2015-06-01 20:04:03'),
(100589, 70020, 80025, 'A Wedge', 1, 20011, '2015-06-01 20:04:03'),
(100590, 70018, 80025, 'A Wedge', 1, 6984, '2015-06-01 20:04:04'),
(100591, 70022, 80025, 'A Putter', 0, 872, '2015-06-01 20:04:05'),
(100592, 70013, 80025, 'A Wedge', 1, 15856, '2015-06-01 20:04:06'),
(100593, 70019, 80025, 'A Driver', 0, 894, '2015-06-01 20:04:06'),
(100594, 70016, 80025, 'A Wedge', 1, 4772, '2015-06-01 20:04:08'),
(100595, 70017, 80025, 'A Caddie', 0, 773, '2015-06-01 20:04:09'),
(100596, 70014, 80025, 'A Wedge', 1, 15029, '2015-06-01 20:04:10'),
(100597, 70021, 80025, 'A Putter', 0, 1397, '2015-06-01 20:04:13'),
(100598, 70020, 80032, 'Uruguay', 1, 20984, '2015-06-01 20:04:19'),
(100599, 70013, 80032, 'Uruguay', 1, 16822, '2015-06-01 20:04:19'),
(100600, 70015, 80032, 'Uruguay', 1, 15957, '2015-06-01 20:04:19'),
(100601, 70018, 80032, 'Uruguay', 1, 7921, '2015-06-01 20:04:20'),
(100602, 70022, 80032, 'Italy', 0, 872, '2015-06-01 20:04:20'),
(100603, 70019, 80032, 'Brazil', 0, 894, '2015-06-01 20:04:22'),
(100604, 70016, 80032, 'Uruguay', 1, 5585, '2015-06-01 20:04:23'),
(100605, 70017, 80032, 'Italy', 0, 773, '2015-06-01 20:04:24'),
(100606, 70021, 80032, 'France', 0, 1397, '2015-06-01 20:04:25'),
(100607, 70014, 80032, 'Uruguay', 1, 15653, '2015-06-01 20:04:30'),
(100608, 70015, 80039, 'The Femur and The Stirrup', 1, 16907, '2015-06-01 20:04:50'),
(100609, 70016, 80039, 'The Femur and The Stirrup', 1, 6501, '2015-06-01 20:04:51'),
(100610, 70020, 80039, 'The Femur and The Stirrup', 1, 21924, '2015-06-01 20:04:51'),
(100611, 70013, 80039, 'The Femur and The Stirrup', 1, 17741, '2015-06-01 20:04:52'),
(100612, 70022, 80039, 'The Tibia and Carpal', 0, 872, '2015-06-01 20:04:53'),
(100613, 70014, 80039, 'The Femur and The Stirrup', 1, 16545, '2015-06-01 20:04:53'),
(100614, 70019, 80039, 'The Fibula and Tarsal', 0, 894, '2015-06-01 20:04:55'),
(100615, 70018, 80039, 'The Femur and The Stirrup', 1, 8727, '2015-06-01 20:04:55'),
(100616, 70017, 80039, 'The Fibula and Carpal', 0, 773, '2015-06-01 20:04:57'),
(100617, 70021, 80039, 'The Fibula and Tarsal', 0, 1397, '2015-06-01 20:04:59'),
(100618, 70020, 80037, 'Vodka', 1, 22893, '2015-06-01 20:05:06'),
(100619, 70015, 80037, 'Vodka', 1, 17872, '2015-06-01 20:05:07'),
(100620, 70022, 80037, 'Tequila', 0, 872, '2015-06-01 20:05:08'),
(100621, 70014, 80037, 'Vodka', 1, 17466, '2015-06-01 20:05:09'),
(100622, 70013, 80037, 'Vodka', 1, 18650, '2015-06-01 20:05:09'),
(100623, 70019, 80037, 'Brandy', 0, 894, '2015-06-01 20:05:10'),
(100624, 70016, 80037, 'Vodka', 1, 7309, '2015-06-01 20:05:12'),
(100625, 70017, 80037, 'Tequila', 0, 773, '2015-06-01 20:05:12'),
(100626, 70018, 80037, 'Vodka', 1, 9494, '2015-06-01 20:05:14'),
(100627, 70021, 80037, 'Brandy', 0, 1397, '2015-06-01 20:05:14'),
(100628, 70020, 80018, 'France', 1, 23860, '2015-06-01 20:05:24'),
(100629, 70013, 80018, 'France', 1, 19607, '2015-06-01 20:05:24'),
(100630, 70015, 80018, 'France', 1, 18821, '2015-06-01 20:05:25'),
(100631, 70014, 80018, 'France', 1, 18414, '2015-06-01 20:05:25'),
(100632, 70022, 80018, 'United Kingdom', 0, 872, '2015-06-01 20:05:26'),
(100633, 70016, 80018, 'United Kingdom', 0, 7309, '2015-06-01 20:05:26'),
(100634, 70019, 80018, 'Spain', 0, 894, '2015-06-01 20:05:27'),
(100635, 70021, 80018, 'Germany', 0, 1397, '2015-06-01 20:05:30'),
(100636, 70018, 80018, 'France', 1, 10289, '2015-06-01 20:05:30'),
(100637, 70015, 80019, '5', 0, 18821, '2015-06-01 20:05:40'),
(100638, 70013, 80019, '5', 0, 19607, '2015-06-01 20:05:40'),
(100639, 70014, 80019, '5', 0, 18414, '2015-06-01 20:05:40'),
(100640, 70020, 80019, '5', 0, 23860, '2015-06-01 20:05:40'),
(100641, 70019, 80019, '8', 0, 894, '2015-06-01 20:05:41'),
(100642, 70016, 80019, '6', 1, 8130, '2015-06-01 20:05:44'),
(100643, 70022, 80019, '6', 1, 1645, '2015-06-01 20:05:45'),
(100644, 70018, 80019, '6', 1, 11071, '2015-06-01 20:05:46'),
(100645, 70017, 80018, 'United Kingdom', 0, 773, '2015-06-01 20:05:48'),
(100646, 70021, 80019, '9', 0, 1397, '2015-06-01 20:05:49'),
(100647, 70015, 80047, 'Jurassic Park', 0, 18821, '2015-06-01 20:05:57'),
(100648, 70020, 80047, 'Jurassic Park', 0, 23860, '2015-06-01 20:05:57'),
(100649, 70016, 80047, 'Titanic', 1, 9048, '2015-06-01 20:05:58'),
(100650, 70013, 80047, 'Men In Black', 0, 19607, '2015-06-01 20:05:59'),
(100651, 70014, 80047, 'Titanic', 1, 19366, '2015-06-01 20:06:00'),
(100652, 70018, 80047, 'Men In Black', 0, 11071, '2015-06-01 20:06:03'),
(100653, 70022, 80047, 'Titanic', 1, 2372, '2015-06-01 20:06:04'),
(100654, 70019, 80047, 'Men In Black', 0, 894, '2015-06-01 20:06:09'),
(100655, 70017, 80047, 'Men In Black', 0, 773, '2015-06-01 20:06:11'),
(100656, 70021, 80047, 'Independence Day', 0, 1397, '2015-06-01 20:06:13'),
(100657, 70020, 80013, '4', 1, 24836, '2015-06-01 20:06:17'),
(100658, 70013, 80013, '4', 1, 20580, '2015-06-01 20:06:17'),
(100659, 70015, 80013, '4', 1, 19782, '2015-06-01 20:06:17'),
(100660, 70022, 80013, '3', 0, 2372, '2015-06-01 20:06:19'),
(100661, 70018, 80013, '4', 1, 11985, '2015-06-01 20:06:20'),
(100662, 70019, 80013, '4', 1, 1774, '2015-06-01 20:06:20'),
(100663, 70017, 80013, '4', 1, 1592, '2015-06-01 20:06:22'),
(100664, 70016, 80013, '3', 0, 9048, '2015-06-01 20:06:23'),
(100665, 70021, 80013, '3', 0, 1397, '2015-06-01 20:06:25'),
(100666, 70014, 80013, '3', 0, 19366, '2015-06-01 20:06:25'),
(100667, 70015, 80003, '4', 1, 20751, '2015-06-01 20:06:36'),
(100668, 70013, 80003, '4', 1, 21546, '2015-06-01 20:06:36'),
(100669, 70020, 80003, '4', 1, 25812, '2015-06-01 20:06:36'),
(100670, 70018, 80003, '4', 1, 12947, '2015-06-01 20:06:37'),
(100671, 70022, 80003, '2', 0, 2372, '2015-06-01 20:06:38'),
(100672, 70019, 80003, '3', 0, 1774, '2015-06-01 20:06:39'),
(100673, 70017, 80003, '1', 0, 1592, '2015-06-01 20:06:41'),
(100674, 70016, 80003, '4', 1, 9869, '2015-06-01 20:06:41'),
(100675, 70021, 80003, '2', 0, 1397, '2015-06-01 20:06:41'),
(100676, 70014, 80003, '4', 1, 20080, '2015-06-01 20:06:46'),
(100677, 70020, 80017, 'Keith Moon', 1, 26785, '2015-06-01 20:06:56'),
(100678, 70015, 80017, 'Keith Moon', 1, 21716, '2015-06-01 20:06:57'),
(100679, 70013, 80017, 'Keith Moon', 1, 22495, '2015-06-01 20:06:57'),
(100680, 70018, 80017, 'Keith Moon', 1, 13907, '2015-06-01 20:06:58'),
(100681, 70022, 80017, 'Rodger Daltry', 0, 2372, '2015-06-01 20:06:58'),
(100682, 70019, 80017, 'Pete Townsend', 0, 1774, '2015-06-01 20:06:59'),
(100683, 70016, 80017, 'Keith Richards', 0, 9869, '2015-06-01 20:07:02'),
(100684, 70021, 80017, 'Rodger Daltry', 0, 1397, '2015-06-01 20:07:05'),
(100685, 70017, 80017, 'Keith Richards', 0, 1592, '2015-06-01 20:07:06'),
(100686, 70014, 80017, 'Keith Moon', 1, 20724, '2015-06-01 20:07:08'),
(100687, 70020, 80049, 'Led Zeppelin', 1, 27752, '2015-06-01 20:07:19'),
(100688, 70015, 80049, 'Led Zeppelin', 1, 22671, '2015-06-01 20:07:19'),
(100689, 70022, 80049, 'Pink Floyd', 0, 2372, '2015-06-01 20:07:20'),
(100690, 70019, 80049, 'Led Zeppelin', 1, 2673, '2015-06-01 20:07:22'),
(100691, 70018, 80049, 'Led Zeppelin', 1, 14736, '2015-06-01 20:07:24'),
(100692, 70017, 80049, 'The Who', 0, 1592, '2015-06-01 20:07:24'),
(100693, 70021, 80049, 'Pink Floyd', 0, 1397, '2015-06-01 20:07:26'),
(100694, 70014, 80049, 'Led Zeppelin', 1, 21439, '2015-06-01 20:07:27'),
(100695, 70013, 80049, 'The Who', 0, 22495, '2015-06-01 20:07:29'),
(100696, 70016, 80049, 'Led Zeppelin', 1, 10447, '2015-06-01 20:07:31'),
(100697, 70020, 80046, 'Pinocchio', 1, 28726, '2015-06-01 20:07:44'),
(100698, 70015, 80046, 'Pinocchio', 1, 23622, '2015-06-01 20:07:45'),
(100699, 70013, 80046, 'Pinocchio', 1, 23449, '2015-06-01 20:07:45'),
(100700, 70014, 80046, 'Pinocchio', 1, 22375, '2015-06-01 20:07:45'),
(100701, 70022, 80046, 'Snow White', 0, 2372, '2015-06-01 20:07:46'),
(100702, 70019, 80046, 'Jungle Book', 0, 2673, '2015-06-01 20:07:48'),
(100703, 70017, 80046, 'Jungle Book', 0, 1592, '2015-06-01 20:07:49'),
(100704, 70016, 80046, 'Jungle Book', 0, 10447, '2015-06-01 20:07:50'),
(100705, 70021, 80046, 'Dumbo', 0, 1397, '2015-06-01 20:07:52'),
(100706, 70018, 80046, 'Pinocchio', 1, 15453, '2015-06-01 20:07:54'),
(100707, 70015, 80050, 'Somalia', 1, 24570, '2015-06-01 20:08:03'),
(100708, 70020, 80050, 'Somalia', 1, 29684, '2015-06-01 20:08:03'),
(100709, 70022, 80050, 'Somalia', 1, 3266, '2015-06-01 20:08:04'),
(100710, 70013, 80050, 'Somalia', 1, 24358, '2015-06-01 20:08:05'),
(100711, 70019, 80050, 'Somalia', 1, 3536, '2015-06-01 20:08:07'),
(100712, 70018, 80050, 'Somalia', 1, 16304, '2015-06-01 20:08:07'),
(100713, 70016, 80050, 'Somalia', 1, 11142, '2015-06-01 20:08:11'),
(100714, 70014, 80050, 'Somalia', 1, 23008, '2015-06-01 20:08:15'),
(100715, 70017, 80050, 'Rwanda', 0, 1592, '2015-06-01 20:08:18'),
(100716, 70021, 80050, 'Sudan', 0, 1397, '2015-06-01 20:08:20'),
(100717, 70015, 80031, 'Red and Yellow Cards', 1, 25533, '2015-06-01 20:08:26'),
(100718, 70018, 80031, 'Red and Yellow Cards', 1, 17255, '2015-06-01 20:08:27'),
(100719, 70020, 80031, 'Whistles', 0, 29684, '2015-06-01 20:08:28'),
(100720, 70013, 80031, 'Red and Yellow Cards', 1, 25270, '2015-06-01 20:08:29'),
(100721, 70022, 80031, 'Red and Yellow Cards', 1, 4088, '2015-06-01 20:08:30'),
(100722, 70016, 80031, 'Red and Yellow Cards', 1, 11966, '2015-06-01 20:08:30'),
(100723, 70019, 80031, 'Football Boots', 0, 3536, '2015-06-01 20:08:32'),
(100724, 70013, 80036, 'Pink', 0, 25270, '2015-06-01 20:08:33'),
(100725, 70017, 80031, 'Red and Yellow Cards', 1, 2337, '2015-06-01 20:08:34'),
(100726, 70014, 80031, 'Red and Yellow Cards', 1, 23753, '2015-06-01 20:08:34'),
(100727, 70021, 80031, 'Football Boots', 0, 1397, '2015-06-01 20:08:37'),
(100728, 70015, 80036, 'Pink', 0, 25533, '2015-06-01 20:08:39'),
(100729, 70014, 80036, 'Pink', 0, 23753, '2015-06-01 20:08:40'),
(100730, 70020, 80036, 'Pink', 0, 29684, '2015-06-01 20:08:44'),
(100731, 70016, 80036, 'Red', 1, 12519, '2015-06-01 20:08:46'),
(100732, 70022, 80036, 'Red', 1, 4565, '2015-06-01 20:08:46'),
(100733, 70019, 80036, 'Red', 1, 4080, '2015-06-01 20:08:49'),
(100734, 70018, 80036, 'Red', 1, 17735, '2015-06-01 20:08:49'),
(100735, 70017, 80036, 'Green', 0, 2337, '2015-06-01 20:08:52'),
(100736, 70021, 80036, 'Pink', 0, 1397, '2015-06-01 20:08:53'),
(100737, 70015, 80057, 'Cow', 1, 26487, '2015-06-01 20:09:11'),
(100738, 70013, 80057, 'Cow', 1, 26237, '2015-06-01 20:09:11'),
(100739, 70014, 80057, 'Cow', 1, 24681, '2015-06-01 20:09:12'),
(100740, 70020, 80057, 'Cow', 1, 30629, '2015-06-01 20:09:13'),
(100741, 70022, 80057, 'Dog', 0, 4565, '2015-06-01 20:09:14'),
(100742, 70016, 80057, 'Cow', 1, 13335, '2015-06-01 20:09:16'),
(100743, 70019, 80057, 'Dog', 0, 4080, '2015-06-01 20:09:16'),
(100744, 70017, 80057, 'Plant', 0, 2337, '2015-06-01 20:09:18'),
(100745, 70021, 80057, 'Cow', 1, 2105, '2015-06-01 20:09:19'),
(100746, 70018, 80057, 'Cow', 1, 18431, '2015-06-01 20:09:21'),
(100747, 70015, 80011, 'Spanish', 1, 27446, '2015-06-01 20:09:27'),
(100748, 70020, 80011, 'Spanish', 1, 31596, '2015-06-01 20:09:27'),
(100749, 70018, 80011, 'Spanish', 1, 19371, '2015-06-01 20:09:27'),
(100750, 70013, 80011, 'Spanish', 1, 27166, '2015-06-01 20:09:28'),
(100751, 70022, 80011, 'Peruvian', 0, 4565, '2015-06-01 20:09:28'),
(100752, 70019, 80011, 'Brazilian', 0, 4080, '2015-06-01 20:09:30');
INSERT INTO `C_INTERACTION` (`INTERACTION_ID`, `PARTICIPANT_ID`, `QUESTION_ID`, `SELECTED_ANSWER`, `CORRECT`, `CURRENT_SCORE`, `INTERACTION_DATE`) VALUES
(100753, 70016, 80011, 'Brazilian', 0, 13335, '2015-06-01 20:09:31'),
(100754, 70021, 80011, 'Argentinian', 0, 2105, '2015-06-01 20:09:34'),
(100755, 70014, 80011, 'Argentinian', 0, 24681, '2015-06-01 20:09:34'),
(100756, 70017, 80011, 'Argentinian', 0, 2337, '2015-06-01 20:09:36'),
(100757, 70020, 80016, '1', 1, 32572, '2015-06-01 20:09:43'),
(100758, 70018, 80016, '1', 1, 20338, '2015-06-01 20:09:43'),
(100759, 70013, 80016, '4', 0, 27166, '2015-06-01 20:09:45'),
(100760, 70015, 80016, '1', 1, 28341, '2015-06-01 20:09:45'),
(100761, 70022, 80016, '2', 0, 4565, '2015-06-01 20:09:45'),
(100762, 70019, 80016, '3', 0, 4080, '2015-06-01 20:09:47'),
(100763, 70017, 80016, '4', 0, 2337, '2015-06-01 20:09:48'),
(100764, 70021, 80016, '3', 0, 2105, '2015-06-01 20:09:49'),
(100765, 70016, 80016, '3', 0, 13335, '2015-06-01 20:09:50'),
(100766, 70014, 80016, '1', 1, 25341, '2015-06-01 20:09:55'),
(100767, 70020, 80024, '1965', 1, 33542, '2015-06-01 20:10:13'),
(100768, 70013, 80024, '1965', 1, 28128, '2015-06-01 20:10:13'),
(100769, 70015, 80024, '1965', 1, 29295, '2015-06-01 20:10:14'),
(100770, 70018, 80024, '1965', 1, 21284, '2015-06-01 20:10:14'),
(100771, 70022, 80024, '1961', 0, 4565, '2015-06-01 20:10:14'),
(100772, 70019, 80024, '1960', 0, 4080, '2015-06-01 20:10:16'),
(100773, 70017, 80024, '1965', 1, 3176, '2015-06-01 20:10:18'),
(100774, 70021, 80024, '1970', 0, 2105, '2015-06-01 20:10:19'),
(100775, 70014, 80024, '1965', 1, 26019, '2015-06-01 20:10:23'),
(100776, 70016, 80024, '1965', 1, 14190, '2015-06-01 20:10:30'),
(100777, 70015, 80054, 'Dentists', 1, 30233, '2015-06-01 20:10:48'),
(100778, 70020, 80054, 'Dentists', 1, 34485, '2015-06-01 20:10:48'),
(100779, 70018, 80054, 'Dentists', 1, 22198, '2015-06-01 20:10:49'),
(100780, 70022, 80054, 'Car Crashes', 0, 4565, '2015-06-01 20:10:50'),
(100781, 70019, 80054, 'Teeth', 0, 4080, '2015-06-01 20:10:52'),
(100782, 70013, 80054, 'Dentists', 1, 28932, '2015-06-01 20:10:52'),
(100783, 70016, 80054, 'Dentists', 1, 14966, '2015-06-01 20:10:53'),
(100784, 70017, 80054, 'Toothbrushes', 0, 3176, '2015-06-01 20:10:53'),
(100785, 70021, 80054, 'Dentists', 1, 2868, '2015-06-01 20:10:55'),
(100786, 70014, 80054, 'Dentists', 1, 26741, '2015-06-01 20:10:56'),
(100787, 70020, 80038, 'The Battle Of Balaclava', 1, 35442, '2015-06-01 20:11:05'),
(100788, 70015, 80038, 'The Battle Of Balaclava', 1, 31182, '2015-06-01 20:11:06'),
(100789, 70022, 80038, 'The Battle Of Bilbao', 0, 4565, '2015-06-01 20:11:07'),
(100790, 70018, 80038, 'The Battle Of Balaclava', 1, 23117, '2015-06-01 20:11:07'),
(100791, 70013, 80038, 'The Battle Of Balaclava', 1, 29802, '2015-06-01 20:11:08'),
(100792, 70019, 80038, 'The Battle Of Balaclava', 1, 4942, '2015-06-01 20:11:09'),
(100793, 70016, 80038, 'The Battle Of Brescia', 0, 14966, '2015-06-01 20:11:11'),
(100794, 70017, 80038, 'The Battle Of Bailen', 0, 3176, '2015-06-01 20:11:11'),
(100795, 70021, 80038, 'The Battle Of Brescia', 0, 2868, '2015-06-01 20:11:13'),
(100796, 70014, 80038, 'The Battle Of Balaclava', 1, 27492, '2015-06-01 20:11:13'),
(100797, 70015, 80029, 'Luna 9', 1, 32143, '2015-06-01 20:11:19'),
(100798, 70020, 80029, 'Apollo 11', 0, 35442, '2015-06-01 20:11:19'),
(100799, 70013, 80029, 'Luna 9', 1, 30709, '2015-06-01 20:11:21'),
(100800, 70022, 80029, 'Surveyor 1', 0, 4565, '2015-06-01 20:11:21'),
(100801, 70018, 80029, 'Luna 13', 0, 23117, '2015-06-01 20:11:21'),
(100802, 70019, 80029, 'Luna 13', 0, 4942, '2015-06-01 20:11:24'),
(100803, 70016, 80029, 'Luna 9', 1, 15789, '2015-06-01 20:11:24'),
(100804, 70017, 80029, 'Luna 9', 1, 3942, '2015-06-01 20:11:25'),
(100805, 70014, 80029, 'Apollo 11', 0, 27492, '2015-06-01 20:11:26'),
(100806, 70021, 80029, 'Surveyor 1', 0, 2868, '2015-06-01 20:11:27'),
(100807, 70015, 80033, 'Auto-Rickshaw', 1, 33094, '2015-06-01 20:11:43'),
(100808, 70020, 80033, 'Auto-Rickshaw', 1, 36380, '2015-06-01 20:11:44'),
(100809, 70016, 80033, 'Auto-Rickshaw', 1, 16696, '2015-06-01 20:11:45'),
(100810, 70013, 80033, 'Auto-Rickshaw', 1, 31605, '2015-06-01 20:11:46'),
(100811, 70022, 80033, 'Travel Company', 0, 4565, '2015-06-01 20:11:46'),
(100812, 70014, 80033, 'Auto-Rickshaw', 1, 28366, '2015-06-01 20:11:47'),
(100813, 70019, 80033, 'Chain of Restaurants', 0, 4942, '2015-06-01 20:11:48'),
(100814, 70018, 80033, 'Auto-Rickshaw', 1, 23951, '2015-06-01 20:11:48'),
(100815, 70017, 80033, 'Clothing Outlet', 0, 3942, '2015-06-01 20:11:49'),
(100816, 70021, 80033, 'Travel Company', 0, 2868, '2015-06-01 20:11:51'),
(100817, 70015, 80027, 'Tongue', 1, 34055, '2015-06-01 20:11:52'),
(100818, 70013, 80027, 'Tongue', 1, 32507, '2015-06-01 20:11:54'),
(100819, 70018, 80027, 'Tongue', 1, 24860, '2015-06-01 20:11:54'),
(100820, 70016, 80027, 'Tongue', 1, 17458, '2015-06-01 20:11:59'),
(100821, 70020, 80027, 'Tongue', 1, 37221, '2015-06-01 20:11:59'),
(100822, 70022, 80027, 'Biceps', 0, 4565, '2015-06-01 20:12:01'),
(100823, 70019, 80027, 'Rotator Cuff', 0, 4942, '2015-06-01 20:12:03'),
(100824, 70014, 80027, 'Tongue', 1, 29077, '2015-06-01 20:12:03'),
(100825, 70015, 80030, 'Insulin', 1, 35009, '2015-06-01 20:12:04'),
(100826, 70017, 80027, 'Adductor Muscle', 0, 3942, '2015-06-01 20:12:04'),
(100827, 70021, 80027, 'Adductor Muscle', 0, 2868, '2015-06-01 20:12:07'),
(100828, 70018, 80030, 'Insulin', 1, 25672, '2015-06-01 20:12:09'),
(100829, 70016, 80030, 'Insulin', 1, 18140, '2015-06-01 20:12:12'),
(100830, 70013, 80030, 'Inflatable Life Raft', 0, 32507, '2015-06-01 20:12:13'),
(100831, 70019, 80030, 'Insulin', 1, 5663, '2015-06-01 20:12:14'),
(100832, 70014, 80030, 'Insulin', 1, 29768, '2015-06-01 20:12:15'),
(100833, 70020, 80030, 'Insulin', 1, 37917, '2015-06-01 20:12:17'),
(100834, 70022, 80030, 'Aspirin', 0, 4565, '2015-06-01 20:12:18'),
(100835, 70017, 80030, 'Inflatable Life Raft', 0, 3942, '2015-06-01 20:12:20'),
(100836, 70021, 80030, 'Aspirin', 0, 2868, '2015-06-01 20:12:21'),
(100837, 70013, 80014, 'Foreigner', 1, 33455, '2015-06-01 20:12:53'),
(100838, 70020, 80014, 'Foreigner', 1, 38865, '2015-06-01 20:12:53'),
(100839, 70015, 80014, 'Foreigner', 1, 35953, '2015-06-01 20:12:53'),
(100840, 70018, 80014, 'Foreigner', 1, 26616, '2015-06-01 20:12:54'),
(100841, 70019, 80014, 'Bon Jovi', 0, 5663, '2015-06-01 20:12:56'),
(100842, 70016, 80014, 'Foreigner', 1, 18966, '2015-06-01 20:12:57'),
(100843, 70017, 80014, 'Bon Jovi', 0, 3942, '2015-06-01 20:12:58'),
(100844, 70021, 80014, 'Air Supply', 0, 2868, '2015-06-01 20:12:59'),
(100845, 70014, 80014, 'Foreigner', 1, 30562, '2015-06-01 20:12:59'),
(100846, 70022, 80014, 'Foreigner', 1, 4960, '2015-06-01 20:13:09'),
(100847, 70020, 80007, 'Eldrick', 1, 39816, '2015-06-01 20:13:15'),
(100848, 70013, 80007, 'Eldrick', 1, 34371, '2015-06-01 20:13:15'),
(100849, 70018, 80007, 'Eldrick', 1, 27543, '2015-06-01 20:13:15'),
(100850, 70015, 80007, 'Eldrick', 1, 36876, '2015-06-01 20:13:15'),
(100851, 70019, 80007, 'Elmer', 0, 5663, '2015-06-01 20:13:18'),
(100852, 70022, 80007, 'Elston', 0, 4960, '2015-06-01 20:13:20'),
(100853, 70021, 80007, 'Elmer', 0, 2868, '2015-06-01 20:13:21'),
(100854, 70016, 80007, 'Eldrick', 1, 19658, '2015-06-01 20:13:22'),
(100855, 70017, 80007, 'Elmore', 0, 3942, '2015-06-01 20:13:23'),
(100856, 70014, 80007, 'Eldrick', 1, 31209, '2015-06-01 20:13:25'),
(100857, 70023, 80050, 'Rwanda', 0, 0, '2015-06-03 13:32:04'),
(100858, 70026, 80030, 'Insulin', 1, 685, '2015-06-24 11:20:17'),
(100859, 70024, 80030, 'Insulin', 1, 646, '2015-06-24 11:20:19'),
(100860, 70025, 80030, 'Insulin', 1, 974, '2015-06-24 11:20:34'),
(100861, 70024, 80040, 'Tree Bark', 1, 1531, '2015-06-24 11:21:57'),
(100862, 70026, 80040, 'The Stamens of a Crocus', 0, 685, '2015-06-24 11:22:00'),
(100863, 70025, 80040, 'Tree Bark', 1, 1936, '2015-06-24 11:22:04'),
(100864, 70024, 80011, 'Spanish', 1, 2459, '2015-06-24 11:22:43'),
(100865, 70026, 80011, 'Argentinian', 0, 685, '2015-06-24 11:22:44'),
(100866, 70025, 80011, 'Spanish', 1, 2913, '2015-06-24 11:22:46'),
(100867, 70024, 80015, 'Dennis Hopper', 1, 3392, '2015-06-24 11:24:02'),
(100868, 70026, 80015, 'Keanu Reeves', 0, 685, '2015-06-24 11:24:03'),
(100869, 70025, 80015, 'Keanu Reeves', 0, 2913, '2015-06-24 11:24:08'),
(100870, 70024, 80004, '114 Years', 1, 4316, '2015-06-24 11:24:41'),
(100871, 70026, 80004, '214 Years', 0, 685, '2015-06-24 11:24:44'),
(100872, 70025, 80004, '111 Years', 0, 2913, '2015-06-24 11:24:49'),
(100873, 70026, 80037, 'Vodka', 1, 1634, '2015-06-24 11:25:22'),
(100874, 70024, 80037, 'Vodka', 1, 5246, '2015-06-24 11:25:25'),
(100875, 70025, 80037, 'Vodka', 1, 3882, '2015-06-24 11:25:30'),
(100876, 70026, 80021, '105 Years', 0, 1634, '2015-06-24 11:25:51'),
(100877, 70024, 80021, '110 Years', 0, 5246, '2015-06-24 11:25:51'),
(100878, 70025, 80021, '116 Years', 1, 4860, '2015-06-24 11:25:53'),
(100879, 70024, 80049, 'Led Zeppelin', 1, 6153, '2015-06-24 11:26:34'),
(100880, 70026, 80049, 'The Who', 0, 1634, '2015-06-24 11:26:35'),
(100881, 70025, 80049, 'Led Zeppelin', 1, 5820, '2015-06-24 11:26:42'),
(100882, 70024, 80038, 'The Battle Of Balaclava', 1, 7106, '2015-06-24 11:27:03'),
(100883, 70026, 80038, 'The Battle Of Balaclava', 1, 2509, '2015-06-24 11:27:05'),
(100884, 70025, 80038, 'The Battle Of Balaclava', 1, 6806, '2015-06-24 11:27:08'),
(100885, 70024, 80056, 'Tomcat', 1, 8050, '2015-06-24 11:27:26'),
(100886, 70026, 80056, 'Tomcat', 1, 3402, '2015-06-24 11:27:30'),
(100887, 70025, 80056, 'Tomcat', 1, 7784, '2015-06-24 11:27:32'),
(100888, 70030, 80044, 'Tale of Two Cities', 1, 916, '2015-08-28 19:54:32'),
(100889, 70030, 80051, 'Rats', 0, 916, '2015-08-28 19:54:43'),
(100890, 70033, 80032, 'Brazil', 0, 0, '2015-09-05 18:14:33'),
(100891, 70033, 80050, 'Rwanda', 0, 0, '2015-09-05 18:15:12'),
(100892, 70033, 80054, 'Dentists', 1, 949, '2015-09-05 18:15:28'),
(100893, 70039, 80016, '2', 0, 0, '2015-09-19 14:56:17'),
(100894, 70037, 80016, '1', 1, 911, '2015-09-19 14:56:18'),
(100895, 70038, 80016, '1', 1, 777, '2015-09-19 14:56:21'),
(100896, 70039, 80051, 'Monkeys', 0, 0, '2015-09-19 14:56:41'),
(100897, 70037, 80051, 'Rats', 0, 911, '2015-09-19 14:56:45'),
(100898, 70038, 80051, 'Mice', 1, 1599, '2015-09-19 14:56:48'),
(100899, 70039, 80009, 'Ferrari', 1, 936, '2015-09-19 14:57:10'),
(100900, 70037, 80009, 'Ferrari', 1, 1823, '2015-09-19 14:57:12'),
(100901, 70038, 80009, 'Ferrari', 1, 2385, '2015-09-19 14:57:16'),
(100902, 70038, 80046, 'Pinocchio', 1, 3358, '2015-09-19 14:57:33'),
(100903, 70037, 80046, 'Snow White', 0, 1823, '2015-09-19 14:57:33'),
(100904, 70039, 80046, 'Snow White', 0, 936, '2015-09-19 14:57:34'),
(100905, 70039, 80003, '4', 1, 1895, '2015-09-19 14:57:50'),
(100906, 70038, 80003, '4', 1, 4336, '2015-09-19 14:57:50'),
(100907, 70037, 80003, '4', 1, 2780, '2015-09-19 14:57:51'),
(100908, 70037, 80032, 'Uruguay', 1, 3755, '2015-09-19 14:58:13'),
(100909, 70038, 80032, 'Uruguay', 1, 5308, '2015-09-19 14:58:14'),
(100910, 70039, 80032, 'Uruguay', 1, 2865, '2015-09-19 14:58:15'),
(100911, 70037, 80030, 'Insulin', 1, 4728, '2015-09-19 14:58:33'),
(100912, 70038, 80030, 'Inflatable Life Raft', 0, 5308, '2015-09-19 14:58:34'),
(100913, 70039, 80030, 'Inflatable Life Raft', 0, 2865, '2015-09-19 14:58:37'),
(100914, 70039, 80055, '212 Degrees', 1, 3840, '2015-09-19 14:58:55'),
(100915, 70037, 80055, '212 Degrees', 1, 5707, '2015-09-19 14:58:58'),
(100916, 70038, 80055, '212 Degrees', 1, 6134, '2015-09-19 14:59:02'),
(100917, 70039, 80024, '1961', 0, 3840, '2015-09-19 14:59:18'),
(100918, 70037, 80024, '1965', 1, 6659, '2015-09-19 14:59:19'),
(100919, 70038, 80024, '1965', 1, 7048, '2015-09-19 14:59:20'),
(100920, 70039, 80041, 'CIA', 1, 4803, '2015-09-19 14:59:34'),
(100921, 70037, 80041, 'CIA', 1, 7639, '2015-09-19 14:59:35'),
(100922, 70038, 80041, 'CIA', 1, 7950, '2015-09-19 14:59:38'),
(100923, 70038, 80012, 'Juventus', 0, 7950, '2015-09-19 15:00:00'),
(100924, 70037, 80012, 'Chelsea', 0, 7639, '2015-09-19 15:00:03'),
(100925, 70039, 80012, 'Chelsea', 0, 4803, '2015-09-19 15:00:07'),
(100926, 70037, 80050, 'Somalia', 1, 8614, '2015-09-19 15:00:29'),
(100927, 70039, 80050, 'Somalia', 1, 5731, '2015-09-19 15:00:29'),
(100928, 70038, 80050, 'Somalia', 1, 8799, '2015-09-19 15:00:34'),
(100929, 70039, 80002, 'Klaatu', 0, 5731, '2015-09-19 15:00:53'),
(100930, 70037, 80002, 'Klaatu', 0, 8614, '2015-09-19 15:00:53'),
(100931, 70038, 80002, 'Gort', 1, 9738, '2015-09-19 15:00:54'),
(100932, 70037, 80048, 'New Kids On The Block', 1, 9517, '2015-09-19 15:01:15'),
(100933, 70038, 80048, '''N SYNC', 0, 9738, '2015-09-19 15:01:16'),
(100934, 70039, 80048, 'Backstreet Boys', 0, 5731, '2015-09-19 15:01:17'),
(100935, 70037, 80013, '4', 1, 10500, '2015-09-19 15:01:32'),
(100936, 70039, 80013, '5', 0, 5731, '2015-09-19 15:01:32'),
(100937, 70038, 80013, '2', 0, 9738, '2015-09-19 15:01:35'),
(100938, 70039, 80045, 'Christian Bale', 1, 6707, '2015-09-19 15:01:51'),
(100939, 70037, 80045, 'Alec Baldwin', 0, 10500, '2015-09-19 15:01:52'),
(100940, 70038, 80045, 'Christian Bale', 1, 10592, '2015-09-19 15:01:56'),
(100941, 70039, 80054, 'Dentists', 1, 7645, '2015-09-19 15:02:11'),
(100942, 70037, 80054, 'Teeth', 0, 10500, '2015-09-19 15:02:11'),
(100943, 70038, 80054, 'Teeth', 0, 10592, '2015-09-19 15:02:14'),
(100944, 70037, 80038, 'The Battle Of Balaclava', 1, 11482, '2015-09-19 15:02:29'),
(100945, 70038, 80038, 'The Battle Of Balaclava', 1, 11558, '2015-09-19 15:02:29'),
(100946, 70039, 80038, 'The Battle Of Bailen', 0, 7645, '2015-09-19 15:02:39'),
(100947, 70037, 80025, 'A Putter', 0, 11482, '2015-09-19 15:02:46'),
(100948, 70039, 80025, 'A Wedge', 1, 8492, '2015-09-19 15:02:48'),
(100949, 70038, 80025, 'A Wedge', 1, 12425, '2015-09-19 15:02:48'),
(100950, 70039, 80020, 'India', 1, 9470, '2015-09-19 15:03:44'),
(100951, 70038, 80020, 'India', 1, 13399, '2015-09-19 15:03:45'),
(100952, 70037, 80020, 'India', 1, 12461, '2015-09-19 15:04:00'),
(100953, 70038, 80022, '10', 0, 13399, '2015-09-19 15:04:25'),
(100954, 70039, 80022, '8', 1, 10420, '2015-09-19 15:04:26'),
(100955, 70037, 80022, '8', 1, 13398, '2015-09-19 15:04:27'),
(100956, 70039, 80049, 'Led Zeppelin', 1, 11371, '2015-09-19 15:04:51'),
(100957, 70037, 80049, 'Led Zeppelin', 1, 14365, '2015-09-19 15:04:52'),
(100958, 70038, 80049, 'The Who', 0, 13399, '2015-09-19 15:04:53'),
(100959, 70039, 80033, 'Auto-Rickshaw', 1, 12353, '2015-09-19 15:05:13'),
(100960, 70038, 80033, 'Auto-Rickshaw', 1, 14377, '2015-09-19 15:05:13'),
(100961, 70037, 80033, 'Auto-Rickshaw', 1, 15334, '2015-09-19 15:05:15'),
(100962, 70038, 80019, '8', 0, 14377, '2015-09-19 15:05:30'),
(100963, 70039, 80019, '6', 1, 13187, '2015-09-19 15:05:30'),
(100964, 70037, 80019, '6', 1, 16204, '2015-09-19 15:05:32'),
(100965, 70037, 80058, '28', 0, 16204, '2015-09-19 15:05:59'),
(100966, 70039, 80058, '48', 1, 14133, '2015-09-19 15:06:00'),
(100967, 70038, 80058, '48', 1, 15297, '2015-09-19 15:06:02'),
(100968, 70039, 80026, 'A Pig', 0, 14133, '2015-09-19 15:06:28'),
(100969, 70037, 80026, 'A Dog', 1, 17177, '2015-09-19 15:06:29'),
(100970, 70038, 80026, 'A Pig', 0, 15297, '2015-09-19 15:06:30'),
(100971, 70039, 80011, 'Spanish', 1, 15118, '2015-09-19 15:07:02'),
(100972, 70037, 80011, 'Spanish', 1, 18156, '2015-09-19 15:07:03'),
(100973, 70038, 80011, 'Spanish', 1, 16230, '2015-09-19 15:07:05'),
(100974, 70038, 80007, 'Elmer', 0, 16230, '2015-09-19 15:07:38'),
(100975, 70037, 80007, 'Eldrick', 1, 19053, '2015-09-19 15:07:41'),
(100976, 70039, 80007, 'Eldrick', 1, 15939, '2015-09-19 15:07:42'),
(100977, 70038, 80017, 'Keith Moon', 1, 17206, '2015-09-19 15:08:03'),
(100978, 70037, 80017, 'Keith Moon', 1, 20026, '2015-09-19 15:08:03'),
(100979, 70039, 80017, 'Keith Moon', 1, 16846, '2015-09-19 15:08:06'),
(100980, 70037, 80040, 'Tree Bark', 1, 20987, '2015-09-19 15:08:31'),
(100981, 70038, 80040, 'Tree Bark', 1, 18158, '2015-09-19 15:08:32'),
(100982, 70039, 80040, 'The Stamens of a Crocus', 0, 16846, '2015-09-19 15:08:34'),
(100983, 70041, 80030, 'Aspirin', 0, 0, '2015-09-23 20:33:38'),
(100984, 70041, 80027, 'Tongue', 1, 725, '2015-09-23 20:34:03'),
(100985, 70041, 80018, 'Germany', 0, 725, '2015-09-23 20:34:25'),
(100986, 70041, 80039, 'The Tibia and Carpal', 0, 725, '2015-09-23 20:34:51'),
(100987, 70041, 80005, '100 Metres', 0, 725, '2015-09-23 20:35:49'),
(100988, 70041, 80044, 'Tale of Two Cities', 1, 1602, '2015-09-23 20:36:03'),
(100989, 70041, 80057, 'Cow', 1, 2490, '2015-09-23 20:36:22'),
(100990, 70041, 80013, '4', 1, 3401, '2015-09-23 20:36:56'),
(100991, 70041, 80015, 'Gene Hackman', 0, 3401, '2015-09-23 20:37:23'),
(100992, 70041, 80033, 'Auto-Rickshaw', 1, 4289, '2015-09-23 20:37:35'),
(100993, 70041, 80031, 'Red and Yellow Cards', 1, 5059, '2015-09-23 20:37:58'),
(100994, 70041, 80049, 'Led Zeppelin', 1, 5866, '2015-09-23 20:38:16'),
(100995, 70041, 80035, 'His Helicopter', 1, 6644, '2015-09-23 20:38:36'),
(100996, 70041, 80011, 'Spanish', 1, 7569, '2015-09-23 20:38:48'),
(100997, 70041, 80040, 'Orange Peel', 0, 7569, '2015-09-23 20:39:13'),
(100998, 70041, 80032, 'France', 0, 7569, '2015-09-23 20:39:48'),
(100999, 70041, 80024, '1965', 1, 8290, '2015-09-23 20:40:09'),
(101000, 70041, 80026, 'A Dog', 1, 9207, '2015-09-23 20:40:21'),
(101001, 70041, 80008, 'Beth Twaddle', 0, 9207, '2015-09-23 20:40:44'),
(101002, 70041, 80028, 'Adelaide', 0, 9207, '2015-09-23 20:41:19'),
(101003, 70041, 80051, 'Monkeys', 0, 9207, '2015-09-23 20:41:47'),
(101004, 70041, 80037, 'Vodka', 1, 10126, '2015-09-23 20:42:01'),
(101005, 70041, 80001, 'Dirty Harry', 1, 11021, '2015-09-23 20:42:23'),
(101006, 70041, 80036, 'Green', 0, 11021, '2015-09-23 20:42:54'),
(101007, 70041, 80000, 'Best Picture', 0, 11021, '2015-09-23 20:43:44'),
(101008, 70041, 80003, '2', 0, 11021, '2015-09-23 20:43:59'),
(101009, 70041, 80016, '4', 0, 11021, '2015-09-23 20:44:23'),
(101010, 70041, 80007, 'Eldrick', 1, 11870, '2015-09-23 20:44:47'),
(101011, 70041, 80010, '1500 metres', 1, 12609, '2015-09-23 20:45:08');

-- --------------------------------------------------------

--
-- Table structure for table `C_LOGIN`
--

CREATE TABLE IF NOT EXISTS `C_LOGIN` (
  `LOGIN_ID` int(11) NOT NULL AUTO_INCREMENT,
  `USER_ID` int(11) DEFAULT NULL,
  `CLIENT_ID` int(11) DEFAULT NULL,
  `LOGIN_DATE` datetime NOT NULL,
  PRIMARY KEY (`LOGIN_ID`),
  KEY `USER_ID` (`USER_ID`),
  KEY `CLIENT_ID` (`CLIENT_ID`)
) ENGINE=InnoDB  DEFAULT CHARSET=latin1 AUTO_INCREMENT=110116 ;

--
-- Dumping data for table `C_LOGIN`
--

INSERT INTO `C_LOGIN` (`LOGIN_ID`, `USER_ID`, `CLIENT_ID`, `LOGIN_DATE`) VALUES
(110000, NULL, 30000, '2015-06-01 10:07:27'),
(110001, 50000, NULL, '2015-06-01 10:08:39'),
(110002, NULL, 30000, '2015-06-01 14:57:29'),
(110003, 50002, NULL, '2015-06-01 14:59:56'),
(110004, NULL, 30000, '2015-06-01 15:06:31'),
(110005, NULL, 30000, '2015-06-01 17:05:30'),
(110006, NULL, 30000, '2015-06-01 17:05:42'),
(110007, 50007, NULL, '2015-06-01 18:33:08'),
(110008, 50006, NULL, '2015-06-01 18:33:16'),
(110009, 50006, NULL, '2015-06-01 18:34:28'),
(110010, 50004, NULL, '2015-06-01 18:35:06'),
(110011, 50015, NULL, '2015-06-01 18:36:45'),
(110012, 50023, NULL, '2015-06-01 18:36:48'),
(110013, 50038, NULL, '2015-06-01 18:36:58'),
(110014, 50024, NULL, '2015-06-01 18:44:57'),
(110015, 50008, NULL, '2015-06-01 18:45:15'),
(110016, 50005, NULL, '2015-06-01 18:48:14'),
(110017, NULL, 30000, '2015-06-01 18:49:54'),
(110018, 50048, NULL, '2015-06-01 18:54:00'),
(110019, NULL, 30000, '2015-06-01 19:47:23'),
(110020, NULL, 30000, '2015-06-01 19:49:18'),
(110021, NULL, 30000, '2015-06-03 12:41:31'),
(110022, 50004, NULL, '2015-06-03 13:30:55'),
(110023, NULL, 30000, '2015-06-07 18:24:03'),
(110024, NULL, 30000, '2015-06-10 20:53:11'),
(110025, 50050, NULL, '2015-06-13 14:01:09'),
(110026, NULL, 30000, '2015-06-24 11:14:03'),
(110027, 50006, NULL, '2015-06-24 11:14:04'),
(110028, 50023, NULL, '2015-06-24 11:14:45'),
(110029, 50023, NULL, '2015-06-24 11:14:52'),
(110030, 50004, NULL, '2015-06-24 11:14:56'),
(110031, 50023, NULL, '2015-06-24 11:15:03'),
(110032, 50023, NULL, '2015-06-24 11:15:08'),
(110033, 50007, NULL, '2015-06-24 11:15:56'),
(110034, 50007, NULL, '2015-06-24 11:15:59'),
(110035, 50007, NULL, '2015-06-24 11:17:04'),
(110036, NULL, 30000, '2015-06-25 07:45:58'),
(110037, NULL, 30000, '2015-06-25 13:57:24'),
(110038, NULL, 30000, '2015-06-26 07:29:05'),
(110039, NULL, 30000, '2015-06-27 18:48:24'),
(110040, 50051, NULL, '2015-07-13 01:34:32'),
(110041, 50051, NULL, '2015-07-13 01:35:52'),
(110042, 50051, NULL, '2015-07-13 07:16:56'),
(110043, 50051, NULL, '2015-07-14 22:29:28'),
(110044, NULL, 30001, '2015-07-16 22:10:54'),
(110045, NULL, 30002, '2015-07-16 22:11:20'),
(110046, 50052, NULL, '2015-07-17 05:06:10'),
(110047, 50052, NULL, '2015-07-17 05:06:41'),
(110048, 50052, NULL, '2015-07-17 05:06:54'),
(110049, 50052, NULL, '2015-07-17 05:07:59'),
(110050, NULL, 30000, '2015-07-30 20:36:57'),
(110051, NULL, 30000, '2015-08-03 20:10:29'),
(110052, 50053, NULL, '2015-08-06 17:46:38'),
(110053, 50054, NULL, '2015-08-06 18:51:07'),
(110054, 50055, NULL, '2015-08-07 03:17:58'),
(110055, 50056, NULL, '2015-08-07 20:14:02'),
(110056, 50056, NULL, '2015-08-10 18:44:29'),
(110057, NULL, 30000, '2015-08-19 13:47:08'),
(110058, 50057, NULL, '2015-08-19 13:54:32'),
(110059, NULL, 30000, '2015-08-19 14:53:33'),
(110060, NULL, 30000, '2015-08-19 14:58:45'),
(110061, NULL, 30000, '2015-08-19 14:58:49'),
(110062, NULL, 30000, '2015-08-19 14:59:10'),
(110063, NULL, 30000, '2015-08-19 14:59:17'),
(110064, NULL, 30000, '2015-08-19 14:59:30'),
(110065, NULL, 30000, '2015-08-19 15:03:32'),
(110066, NULL, 30000, '2015-08-19 15:05:27'),
(110067, NULL, 30000, '2015-08-19 15:05:45'),
(110068, NULL, 30000, '2015-08-19 15:07:27'),
(110069, NULL, 30000, '2015-08-19 15:08:10'),
(110070, 50001, NULL, '2015-08-21 18:51:16'),
(110071, NULL, 30000, '2015-08-28 19:49:58'),
(110072, 50058, NULL, '2015-08-28 19:52:48'),
(110073, NULL, 30000, '2015-08-28 19:53:48'),
(110074, NULL, 30000, '2015-09-02 21:38:58'),
(110075, NULL, 30000, '2015-09-03 12:32:23'),
(110076, 50059, NULL, '2015-09-03 12:35:54'),
(110077, NULL, 30000, '2015-09-03 13:17:32'),
(110078, NULL, 30000, '2015-09-04 08:14:25'),
(110079, NULL, 30000, '2015-09-05 18:08:41'),
(110080, 50060, NULL, '2015-09-05 18:12:18'),
(110081, 50001, NULL, '2015-09-08 12:02:31'),
(110082, NULL, 30000, '2015-09-19 14:09:35'),
(110083, NULL, 30000, '2015-09-19 14:09:38'),
(110084, NULL, 30000, '2015-09-19 14:09:40'),
(110085, NULL, 30000, '2015-09-19 14:09:59'),
(110086, NULL, 30000, '2015-09-19 14:10:02'),
(110087, NULL, 30000, '2015-09-19 14:10:05'),
(110088, NULL, 30000, '2015-09-19 14:10:07'),
(110089, NULL, 30000, '2015-09-19 14:10:08'),
(110090, NULL, 30000, '2015-09-19 14:10:10'),
(110091, NULL, 30000, '2015-09-19 14:10:56'),
(110092, NULL, 30000, '2015-09-19 14:12:34'),
(110093, NULL, 30000, '2015-09-19 14:12:37'),
(110094, NULL, 30000, '2015-09-19 14:12:41'),
(110095, NULL, 30000, '2015-09-19 14:12:57'),
(110096, NULL, 30000, '2015-09-19 14:13:00'),
(110097, NULL, 30000, '2015-09-19 14:13:01'),
(110098, NULL, 30000, '2015-09-19 14:13:02'),
(110099, NULL, 30000, '2015-09-19 14:13:03'),
(110100, 50061, NULL, '2015-09-19 14:16:46'),
(110101, 50061, NULL, '2015-09-19 14:17:27'),
(110102, 50061, NULL, '2015-09-19 14:17:31'),
(110103, 50061, NULL, '2015-09-19 14:17:36'),
(110104, 50061, NULL, '2015-09-19 14:48:38'),
(110105, 50062, NULL, '2015-09-19 14:50:51'),
(110106, 50063, NULL, '2015-09-19 14:52:49'),
(110107, NULL, 30000, '2015-09-19 14:54:34'),
(110108, NULL, 30000, '2015-09-20 12:24:07'),
(110109, 50001, NULL, '2015-09-20 12:25:17'),
(110110, 50008, NULL, '2015-09-20 17:31:00'),
(110111, NULL, 30000, '2015-09-23 20:29:53'),
(110112, 50008, NULL, '2015-09-23 20:32:30'),
(110113, 50006, NULL, '2015-09-23 20:32:32'),
(110114, 50064, NULL, '2015-09-28 17:36:24'),
(110115, NULL, 30000, '2015-09-30 20:35:01');

-- --------------------------------------------------------

--
-- Table structure for table `D_CATEGORY`
--

CREATE TABLE IF NOT EXISTS `D_CATEGORY` (
  `CATEGORY_ID` int(11) NOT NULL AUTO_INCREMENT,
  `CATEGORY` varchar(100) NOT NULL,
  PRIMARY KEY (`CATEGORY_ID`)
) ENGINE=InnoDB  DEFAULT CHARSET=latin1 AUTO_INCREMENT=20009 ;

--
-- Dumping data for table `D_CATEGORY`
--

INSERT INTO `D_CATEGORY` (`CATEGORY_ID`, `CATEGORY`) VALUES
(20000, 'SPORT'),
(20001, 'GEOGRAPHY'),
(20002, 'ART & LITERATURE'),
(20003, 'ENTERTAINMENT'),
(20004, 'HISTORY'),
(20005, 'SCIENCE & NATURE'),
(20006, 'FOOD & DRINK'),
(20007, 'PEOPLE'),
(20008, 'GENERAL KNOWLEDGE');

-- --------------------------------------------------------

--
-- Table structure for table `D_DIFFICULTY`
--

CREATE TABLE IF NOT EXISTS `D_DIFFICULTY` (
  `DIFFICULTY_ID` int(11) NOT NULL AUTO_INCREMENT,
  `DIFFICULTY` int(1) NOT NULL,
  PRIMARY KEY (`DIFFICULTY_ID`)
) ENGINE=InnoDB  DEFAULT CHARSET=latin1 AUTO_INCREMENT=10005 ;

--
-- Dumping data for table `D_DIFFICULTY`
--

INSERT INTO `D_DIFFICULTY` (`DIFFICULTY_ID`, `DIFFICULTY`) VALUES
(10000, 1),
(10001, 2),
(10002, 3),
(10003, 4),
(10004, 5);

-- --------------------------------------------------------

--
-- Table structure for table `D_ERA`
--

CREATE TABLE IF NOT EXISTS `D_ERA` (
  `ERA_ID` int(11) NOT NULL AUTO_INCREMENT,
  `ERA` varchar(100) NOT NULL,
  PRIMARY KEY (`ERA_ID`)
) ENGINE=InnoDB  DEFAULT CHARSET=latin1 AUTO_INCREMENT=120001 ;

--
-- Dumping data for table `D_ERA`
--

INSERT INTO `D_ERA` (`ERA_ID`, `ERA`) VALUES
(120000, '1980s');

-- --------------------------------------------------------

--
-- Table structure for table `D_LOCATION`
--

CREATE TABLE IF NOT EXISTS `D_LOCATION` (
  `LOCATION_ID` int(11) NOT NULL AUTO_INCREMENT,
  `LOCATION` varchar(100) NOT NULL,
  PRIMARY KEY (`LOCATION_ID`)
) ENGINE=InnoDB  DEFAULT CHARSET=latin1 AUTO_INCREMENT=40066 ;

--
-- Dumping data for table `D_LOCATION`
--

INSERT INTO `D_LOCATION` (`LOCATION_ID`, `LOCATION`) VALUES
(40000, 'Aberdeen City'),
(40001, 'Aberdeenshire'),
(40002, 'Angus'),
(40003, 'Argyll and Bute'),
(40004, 'City of Edinburgh'),
(40005, 'Clackmannanshire'),
(40006, 'Dumfries and Galloway'),
(40007, 'Dundee City'),
(40008, 'East Ayrshire'),
(40009, 'East Dunbartonshire'),
(40010, 'East Lothian'),
(40011, 'East Renfrewshire'),
(40012, 'Falkirk'),
(40013, 'Fife'),
(40014, 'Glasgow City'),
(40015, 'Highland'),
(40016, 'Inverclyde'),
(40017, 'Midlothian'),
(40018, 'Moray'),
(40019, 'Na h-Eileanan Siar'),
(40020, 'North Ayrshire'),
(40021, 'North Lanarkshire'),
(40022, 'Orkney Islands'),
(40023, 'Perth and Kinross'),
(40024, 'Renfrewshire'),
(40025, 'Scottish Borders'),
(40026, 'Shetland Islands'),
(40027, 'South Ayrshire'),
(40028, 'South Lanarkshire'),
(40029, 'Stirling'),
(40030, 'West Dunbartonshire'),
(40031, 'West Lothian'),
(40032, 'No Location'),
(40033, 'Austrailia'),
(40034, 'Canada'),
(40035, 'France'),
(40036, 'Germany'),
(40037, 'Ireland'),
(40038, 'South Afria'),
(40039, 'UK - England'),
(40040, 'UK - Northern Ireland'),
(40041, 'UK - Scotland'),
(40042, 'UK - Wales'),
(40043, 'United States'),
(40044, 'Other'),
(40045, 'RAF Lossiemouth'),
(40046, 'Kinloss Barracks'),
(40047, 'Leuchars Station'),
(40048, 'RAF Boulmer'),
(40049, 'RAF Leeming'),
(40050, 'RAF Linton'),
(40051, 'RAF Valley'),
(40052, 'RAF Shawbury'),
(40053, 'RAF Cosford'),
(40054, 'RAF Cranwell'),
(40055, 'RAFWaddington'),
(40056, 'RAFConningsby'),
(40057, 'RAF Wittering'),
(40058, 'RAF Brize Norton'),
(40059, 'RAF Northolt'),
(40060, 'RAFST Mawgan'),
(40061, 'RAF Boscombe Down'),
(40062, 'Kendrew Barracks'),
(40063, 'RAF Scampton'),
(40064, 'RAF Honington'),
(40065, 'RAF Marham');

--
-- Constraints for dumped tables
--

--
-- Constraints for table `A_CLIENT`
--
ALTER TABLE `A_CLIENT`
  ADD CONSTRAINT `A_CLIENT_ibfk_1` FOREIGN KEY (`LOCATION_ID`) REFERENCES `D_LOCATION` (`LOCATION_ID`);

--
-- Constraints for table `A_USER`
--
ALTER TABLE `A_USER`
  ADD CONSTRAINT `A_USER_ibfk_1` FOREIGN KEY (`LOCATION_ID`) REFERENCES `D_LOCATION` (`LOCATION_ID`);

--
-- Constraints for table `B_GAME`
--
ALTER TABLE `B_GAME`
  ADD CONSTRAINT `B_GAME_ibfk_1` FOREIGN KEY (`QUIZ_ID`) REFERENCES `B_QUIZ` (`QUIZ_ID`),
  ADD CONSTRAINT `B_GAME_ibfk_2` FOREIGN KEY (`QUESTION_ID`) REFERENCES `B_QUESTION` (`QUESTION_ID`);

--
-- Constraints for table `B_PARTICIPANT`
--
ALTER TABLE `B_PARTICIPANT`
  ADD CONSTRAINT `B_PARTICIPANT_ibfk_1` FOREIGN KEY (`USER_ID`) REFERENCES `A_USER` (`USER_ID`),
  ADD CONSTRAINT `B_PARTICIPANT_ibfk_2` FOREIGN KEY (`QUIZ_ID`) REFERENCES `B_QUIZ` (`QUIZ_ID`);

--
-- Constraints for table `B_QUESTION`
--
ALTER TABLE `B_QUESTION`
  ADD CONSTRAINT `B_QUESTION_ibfk_1` FOREIGN KEY (`CATEGORY_ID`) REFERENCES `D_CATEGORY` (`CATEGORY_ID`),
  ADD CONSTRAINT `B_QUESTION_ibfk_2` FOREIGN KEY (`SUB_CATEGORY_ID`) REFERENCES `D_CATEGORY` (`CATEGORY_ID`),
  ADD CONSTRAINT `B_QUESTION_ibfk_3` FOREIGN KEY (`DIFFICULTY_ID`) REFERENCES `D_DIFFICULTY` (`DIFFICULTY_ID`),
  ADD CONSTRAINT `B_QUESTION_ibfk_4` FOREIGN KEY (`LOCATION_ID`) REFERENCES `D_LOCATION` (`LOCATION_ID`),
  ADD CONSTRAINT `B_QUESTION_ibfk_5` FOREIGN KEY (`ERA_ID`) REFERENCES `D_ERA` (`ERA_ID`),
  ADD CONSTRAINT `B_QUESTION_ibfk_6` FOREIGN KEY (`CREATED_BY_USER`) REFERENCES `A_USER` (`USER_ID`),
  ADD CONSTRAINT `B_QUESTION_ibfk_7` FOREIGN KEY (`CREATED_BY_CLIENT`) REFERENCES `A_CLIENT` (`CLIENT_ID`);

--
-- Constraints for table `B_QUIZ`
--
ALTER TABLE `B_QUIZ`
  ADD CONSTRAINT `B_QUIZ_ibfk_1` FOREIGN KEY (`DIFFICULTY_ID`) REFERENCES `D_DIFFICULTY` (`DIFFICULTY_ID`),
  ADD CONSTRAINT `B_QUIZ_ibfk_2` FOREIGN KEY (`CLIENT_ID`) REFERENCES `A_CLIENT` (`CLIENT_ID`),
  ADD CONSTRAINT `B_QUIZ_ibfk_3` FOREIGN KEY (`LOCATION_ID`) REFERENCES `D_LOCATION` (`LOCATION_ID`);

--
-- Constraints for table `C_INTERACTION`
--
ALTER TABLE `C_INTERACTION`
  ADD CONSTRAINT `C_INTERACTION_ibfk_1` FOREIGN KEY (`PARTICIPANT_ID`) REFERENCES `B_PARTICIPANT` (`PARTICIPANT_ID`),
  ADD CONSTRAINT `C_INTERACTION_ibfk_2` FOREIGN KEY (`QUESTION_ID`) REFERENCES `B_QUESTION` (`QUESTION_ID`);

--
-- Constraints for table `C_LOGIN`
--
ALTER TABLE `C_LOGIN`
  ADD CONSTRAINT `C_LOGIN_ibfk_1` FOREIGN KEY (`USER_ID`) REFERENCES `A_USER` (`USER_ID`),
  ADD CONSTRAINT `C_LOGIN_ibfk_2` FOREIGN KEY (`CLIENT_ID`) REFERENCES `A_CLIENT` (`CLIENT_ID`);

/*!40101 SET CHARACTER_SET_CLIENT=@OLD_CHARACTER_SET_CLIENT */;
/*!40101 SET CHARACTER_SET_RESULTS=@OLD_CHARACTER_SET_RESULTS */;
/*!40101 SET COLLATION_CONNECTION=@OLD_COLLATION_CONNECTION */;
